FocalInd,Mate,Year,Coeff,Sex,NatalYear,PairType,Divorce,CloseRel,Dist,KeepForFitness,FirstOrderRel
1,300,1997,0,Female,1992,Later,0,0,0,1,0
1,86,1994,0,Female,1992,First,0,0,0,1,0
1,268,1998,0,Female,1992,Later,NA,0,0,1,0
2,219,1994,0,Female,1992,First,NA,0,0,1,0
3,62,1995,0,Female,1992,Later,0,0,1,0,0
3,246,2000,0,Female,1992,Later,NA,0,0,0,0
3,312,1997,0,Female,1992,Later,0,0,0,0,0
4,984,1994,0,Female,1992,First,0,0,0,1,0
4,985,1996,0,Female,1992,Later,NA,0,0,1,0
4,986,1995,0,Female,1992,Later,0,0,0,1,0
5,235,1994,0,Female,1992,First,NA,0,0,1,0
6,191,1994,0,Female,1992,First,NA,0,2,1,0
7,267,1994,0,Male,1992,First,0,0,0,1,0
7,278,1995,0,Male,1992,Later,NA,0,0,1,0
8,233,1994,0,Male,1992,First,0,0,2,0,0
8,324,1997,0,Male,1992,Later,0,0,0,0,0
8,91,2002,0,Male,1992,Later,NA,0,0,0,0
9,294,1997,0,Male,NA,First,NA,0,0,0,0
10,181,1997,0,Male,NA,First,NA,0,0,0,0
11,357,1998,0,Female,NA,First,0,0,1,0,0
11,321,1999,0,Female,NA,Later,NA,0,0,0,0
12,308,1997,0,Male,NA,First,NA,0,1,0,0
13,89,1998,0,Female,NA,Later,NA,0,0,0,0
14,159,1999,0,Male,1997,First,0,0,2,1,0
14,381,2003,0,Male,1997,Later,NA,0,0,1,0
15,371,1999,0,Female,1997,First,NA,0,0,1,0
16,167,2000,0,Male,1997,First,0,0,3,1,0
16,765,2011,0,Male,1997,Later,NA,0,0,1,0
17,166,1999,0,Male,1997,First,0,0,3,1,0
17,987,1999,0,Male,1997,Later,0,0,0,1,0
17,168,2000,0.012451172,Male,1997,Later,NA,0,0,1,0
18,55,1999,0,Male,1997,First,NA,0,2,1,0
19,356,1999,0.008056641,Female,1997,First,0,0,2,1,0
19,52,2000,0,Female,1997,Later,0,0,1,1,0
19,331,2001,0,Female,1997,Later,0,0,2,1,0
20,381,1999,0,Male,1997,Later,NA,0,0,1,0
20,163,1999,0,Male,1997,First,0,0,3,1,0
21,42,1990,0,Female,NA,Later,NA,0,0,0,0
22,192,1990,0,Female,NA,Later,0,0,2,0,0
22,198,1991,0,Female,NA,Later,NA,0,0,0,0
23,24,1990,0,Female,NA,Later,0,0,0,0,0
24,23,1990,0,Male,1987,First,NA,0,0,0,0
25,61,1990,0,Female,NA,Later,NA,0,0,0,0
26,200,1990,0,Female,NA,Later,NA,0,2,0,0
27,200,1993,0,Female,NA,Later,NA,0,1,0,0
27,180,1992,0,Female,NA,Later,1,0,0,0,0
28,208,1990,0,Male,NA,Later,NA,0,2,0,0
29,36,1990,0,Female,NA,Later,0,0,0,0,0
29,89,1994,0,Female,NA,Later,NA,0,0,0,0
30,84,1990,0,Male,1988,First,NA,0,0,1,0
31,190,1991,0,Female,1988,First,1,0,0,1,0
32,54,1993,0.03515625,Male,1988,Later,NA,0,0,1,0
32,65,1990,0,Male,1988,First,0,0,2,1,0
33,43,1990,0,Male,1988,First,0,0,0,1,0
33,41,1992,0,Male,1988,Later,NA,0,0,1,0
34,78,1990,0,Male,1988,First,NA,0,0,1,0
35,82,1990,0,Male,1988,First,0,0,4,1,0
35,370,1991,0,Male,1988,Later,NA,0,2,1,0
36,29,1990,0,Male,1988,First,NA,0,0,1,0
37,194,1991,0.000976563,Male,1988,First,NA,0,2,1,0
38,207,1990,0,Female,1988,First,NA,0,6,1,0
39,75,1990,0.001953125,Female,1988,First,NA,0,6,1,0
40,85,1990,0,Male,1988,First,NA,0,1,1,0
41,988,1991,0,Female,1988,First,0,0,6,1,0
41,86,1993,0,Female,1988,Later,NA,0,0,1,0
41,33,1992,0,Female,1988,Later,0,0,0,1,0
42,21,1990,0,Male,1988,First,0,0,2,1,0
42,77,1992,0,Male,1988,Later,NA,0,0,1,0
43,33,1990,0,Female,1988,First,NA,0,0,1,0
44,372,2000,0,Male,1998,First,NA,0,5,1,0
45,396,2000,0,Male,1998,First,NA,0,6,1,0
46,181,2001,0,Male,1998,First,NA,0,1,1,0
47,352,1999,0,Male,1998,First,NA,0,1,1,0
48,558,2002,0,Male,1998,Later,NA,0,0,1,0
48,157,2001,0,Male,1998,First,0,0,0,1,0
49,614,2001,0,Female,1998,First,NA,0,0,1,0
50,989,2001,0,Female,1998,First,NA,0,5,1,0
51,377,2001,0,Female,1998,First,0,0,2,1,0
51,581,2011,0,Female,1998,Later,NA,0,1,1,0
51,828,2009,0.0625,Female,1998,Later,1,1,0,1,0
52,19,2000,0,Male,1998,First,NA,0,1,1,0
53,311,2000,0,Male,1998,First,0,0,1,1,0
53,135,2005,0,Male,1998,Later,NA,0,0,1,0
54,32,1993,0.03515625,Female,1990,First,0,0,0,1,0
54,255,1995,0.073242188,Female,1990,Later,NA,1,0,1,0
55,18,1999,0,Female,NA,First,0,0,1,0,0
55,390,2000,0,Female,NA,Later,NA,0,0,0,0
56,990,1999,0,Female,NA,First,NA,0,1,0,0
57,69,1991,0,Male,1988,First,0,0,0,1,0
57,327,1996,0,Male,1988,Later,NA,0,0,1,0
58,991,1992,0,Female,1988,First,0,0,6,1,0
58,236,1993,0,Female,1988,Later,NA,0,0,1,0
59,64,1990,0,Female,1988,First,0,0,2,1,0
59,225,1991,0,Female,1988,Later,0,0,0,1,0
59,62,1992,0,Female,1988,Later,NA,0,0,1,0
60,189,1991,0,Female,NA,Later,0,0,0,0,0
60,190,1992,0,Female,NA,Later,NA,0,0,0,0
61,25,1990,0,Male,NA,Later,0,0,0,0,0
62,77,1993,0,Male,1988,Later,0,0,0,0,0
62,59,1992,0,Male,1988,Later,0,0,1,0,0
62,3,1995,0,Male,1988,Later,NA,0,0,0,0
63,88,1992,0.015625,Female,1988,Later,1,0,0,0,0
63,71,1993,0,Female,1988,Later,NA,0,1,0,0
64,59,1990,0,Male,1988,First,NA,0,2,1,0
65,32,1990,0,Female,1988,First,NA,0,0,1,0
66,79,1990,0,Male,1988,First,NA,0,0,1,0
67,82,1991,0,Male,NA,First,0,0,0,0,0
67,188,1992,0,Male,NA,Later,NA,0,1,0,0
68,235,1990,0,Female,NA,Later,NA,0,0,0,0
69,57,1991,0,Female,1988,Later,NA,0,0,0,0
70,174,1990,0,Female,NA,Later,0,0,1,0,0
70,279,1997,0,Female,NA,Later,NA,0,0,0,0
71,229,1993,0,Male,1981,Later,NA,0,0,1,0
71,176,1993,0,Male,1981,Later,0,0,0,1,0
71,63,1993,0,Male,1981,Later,0,0,0,1,0
72,201,1990,0.25,Male,NA,Later,NA,1,0,0,1
73,173,1991,0.25,Male,1989,First,NA,1,0,1,1
74,217,1991,0,Male,1989,First,NA,0,1,1,0
75,39,1990,0.001953125,Male,1989,First,NA,0,2,1,0
76,233,1991,0,Male,1989,First,NA,0,5,1,0
77,62,1993,0,Female,1989,Later,NA,0,1,1,0
77,42,1992,0,Female,1989,First,0,0,0,1,0
78,34,1990,0,Female,1988,First,0,0,3,0,0
78,318,1997,0,Female,1988,Later,NA,0,2,0,0
79,66,1990,0,Female,1988,Later,NA,0,0,0,0
80,169,1990,0,Female,NA,First,0,0,0,0,0
80,331,1997,0,Female,NA,Later,NA,0,1,0,0
80,279,1994,0,Female,NA,Later,1,0,0,0,0
81,223,1991,0,Male,NA,First,NA,0,1,0,0
82,67,1991,0,Female,NA,Later,NA,0,0,0,0
83,171,1990,0,Female,NA,First,NA,0,0,0,0
84,30,1990,0,Female,NA,First,0,0,0,0,0
84,992,1992,0,Female,NA,Later,NA,0,0,0,0
85,40,1990,0,Female,NA,First,NA,0,1,0,0
86,41,1993,0,Male,1990,First,0,0,0,1,0
86,1,1994,0,Male,1990,Later,NA,0,0,1,0
87,238,1994,0,Male,1990,First,NA,0,1,1,0
88,280,1996,0,Male,1990,Later,NA,0,2,1,0
88,63,1992,0.015625,Male,1990,First,0,0,1,1,0
88,173,1993,0.015625,Male,1990,Later,0,0,0,1,0
89,29,1994,0,Male,1990,First,0,0,0,1,0
90,387,2004,0,Female,2001,First,NA,0,0,0,0
91,8,2002,0,Female,NA,First,NA,0,0,0,0
92,721,2003,0,Female,NA,Later,NA,0,0,0,0
93,122,2004,0,Male,2002,First,NA,0,5,1,0
94,134,2005,0,Male,2002,First,0,0,0,1,0
94,543,2010,0,Male,2002,Later,NA,0,0,1,0
94,528,2006,0.000976563,Male,2002,Later,0,0,0,1,0
95,306,2003,0,Male,2002,First,0,0,2,1,0
95,423,2004,0,Male,2002,Later,NA,0,0,1,0
96,847,2015,0.000244141,Male,2002,Later,NA,0,0,1,0
96,993,2004,0,Male,2002,First,0,0,4,1,0
96,519,2008,0,Male,2002,Later,0,0,0,1,0
96,341,2007,0,Male,2002,Later,0,0,0,1,0
96,594,2010,0,Male,2002,Later,1,0,0,1,0
96,732,2012,0,Male,2002,Later,1,0,0,1,0
96,481,2005,0,Male,2002,Later,0,0,0,1,0
97,495,2005,0,Male,2002,First,NA,0,2,1,0
98,469,2006,0.03125,Male,2002,First,NA,0,3,1,0
99,107,2004,0,Male,2002,First,NA,0,1,0,0
100,994,2006,0,Male,2002,Later,NA,0,0,1,0
100,119,2004,0,Male,2002,First,0,0,1,1,0
101,137,2005,0,Female,2002,Later,NA,0,0,1,0
101,246,2004,0,Female,2002,First,0,0,0,1,0
102,133,2005,0,Female,2002,First,NA,0,3,1,0
103,405,2005,0.25,Female,2002,First,0,1,0,1,1
103,466,2006,0.015625,Female,2002,Later,NA,0,0,1,0
104,120,2004,0,Male,2002,First,NA,0,4,1,0
105,446,2006,0.0078125,Female,2002,Later,NA,0,0,1,0
105,467,2006,0,Female,2002,Later,0,0,0,1,0
105,413,2005,0,Female,2002,First,0,0,0,1,0
106,430,2004,0,Male,2002,First,NA,0,2,1,0
107,99,2004,0,Female,2002,First,NA,0,4,1,0
108,482,2005,0,Male,2002,Later,NA,0,0,1,0
108,288,2004,0.25,Male,2002,First,1,1,0,1,1
109,391,2002,0.125,Male,NA,Later,1,1,1,0,0
109,161,1998,0,Male,NA,Later,0,0,0,0,0
109,224,1992,0,Male,NA,First,0,0,1,0,0
110,556,2009,0,Female,NA,Later,NA,0,0,0,0
111,309,2004,0,Male,2002,First,NA,0,0,1,0
112,341,2004,0,Male,2002,First,NA,0,0,1,0
113,810,2009,0,Male,2002,Later,NA,0,0,0,0
113,521,2008,0,Male,2002,Later,0,0,0,0,0
114,146,2009,0,Male,2002,First,NA,0,0,0,0
115,482,2004,0,Male,2002,First,NA,0,2,1,0
116,421,2004,0,Male,2002,First,NA,0,3,1,0
117,270,2004,0,Male,NA,Later,0,0,0,0,0
117,149,2005,0,Male,NA,Later,NA,0,0,0,0
117,388,2003,0,Male,NA,First,0,0,0,0,0
118,501,2008,0,Male,2002,First,0,0,0,1,0
118,551,2010,0,Male,2002,Later,NA,0,0,1,0
119,100,2004,0,Female,2002,First,NA,0,4,1,0
120,104,2004,0,Female,2002,First,NA,0,7,1,0
121,447,2004,0,Male,2002,First,1,0,0,1,0
121,810,2007,0,Male,2002,Later,NA,0,1,1,0
122,93,2004,0,Female,2002,First,0,0,2,1,0
122,484,2007,0.25,Female,2002,Later,NA,1,0,1,1
123,422,2004,0,Male,2002,First,0,0,0,1,0
123,445,2006,0,Male,2002,Later,NA,0,0,1,0
124,558,2004,0,Male,2002,First,NA,0,0,1,0
125,571,2008,0,Male,2002,Later,NA,0,0,1,0
125,448,2004,0,Male,2002,First,0,0,0,1,0
126,497,2007,0,Male,2002,First,NA,0,0,1,0
127,428,2003,0,Female,NA,First,0,0,0,0,0
127,286,2004,0,Female,NA,Later,0,0,0,0,0
127,609,2010,0,Female,NA,Later,NA,0,0,0,0
127,141,2008,0,Female,NA,Later,0,0,0,0,0
128,366,1999,0,Male,1996,First,0,0,1,1,0
128,360,2000,0.002929688,Male,1996,Later,NA,0,0,1,0
129,278,2000,0,Male,1996,First,0,0,0,1,0
129,350,2001,0,Male,1996,Later,NA,0,2,1,0
130,131,1999,0,Female,1996,First,NA,0,5,1,0
131,130,1999,0,Male,1996,Later,0,0,0,0,0
131,204,1998,0,Male,1996,First,0,0,1,0,0
131,570,2009,0,Male,1996,Later,NA,0,0,0,0
131,456,2007,0,Male,1996,Later,1,0,0,0,0
132,386,2003,0,Female,NA,First,0,0,1,0,0
132,728,2013,0,Female,NA,Later,NA,0,0,0,0
132,560,2009,0,Female,NA,Later,0,0,5,0,0
133,567,2010,0.000244141,Male,2003,Later,NA,0,0,0,0
134,94,2005,0,Female,2003,First,NA,0,0,0,0
135,490,2006,0,Female,2003,Later,NA,0,1,0,0
136,868,2016,0,Male,2003,Later,NA,0,0,0,0
136,601,2011,0,Male,2003,Later,0,0,0,0,0
136,722,2012,0,Male,2003,Later,0,0,0,0,0
136,618,2005,0,Male,2003,First,0,0,0,0,0
137,430,2011,0,Male,2003,Later,NA,0,1,1,0
137,101,2005,0,Male,2003,First,0,0,0,1,0
138,385,2005,0,Male,2003,First,NA,0,0,1,0
139,444,2006,0,Male,2003,Later,NA,0,0,1,0
139,433,2005,0,Male,2003,First,0,0,1,1,0
140,151,2006,0,Male,2003,Later,NA,0,1,1,0
141,127,2008,0,Male,2003,Later,NA,0,1,1,0
141,496,2006,0,Male,2003,First,1,0,0,1,0
142,468,2006,0.015625,Male,2003,Later,1,0,1,1,0
142,995,2005,0,Male,2003,First,0,0,4,1,0
142,520,2008,0,Male,2003,Later,NA,0,0,1,0
143,391,2005,0.0625,Male,2003,First,NA,1,2,1,0
144,495,2008,0,Male,2003,Later,NA,0,1,1,0
144,516,2007,0.03125,Male,2003,Later,1,0,0,1,0
144,536,2006,0,Male,2003,First,1,0,1,1,0
145,996,2006,0,Female,2003,First,0,0,6,1,0
146,542,2008,0,Female,2003,First,0,0,0,1,0
146,717,2010,0,Female,2003,Later,1,0,0,1,0
146,553,2012,0,Female,2003,Later,NA,0,0,1,0
146,114,2009,0,Female,2003,Later,0,0,0,1,0
146,756,2011,0,Female,2003,Later,0,0,1,1,0
147,793,2014,0,Female,2003,Later,NA,0,0,1,0
147,411,2005,0,Female,2003,First,1,0,3,1,0
147,487,2006,0.031738281,Female,2003,Later,0,0,2,1,0
147,580,2011,0.000244141,Female,2003,Later,0,0,4,1,0
148,153,2005,0,Female,2003,First,0,0,1,1,0
148,721,2008,0.015625,Female,2003,Later,NA,0,1,1,0
149,117,2005,0,Female,2003,First,0,0,0,1,0
150,462,2006,0,Male,2003,First,0,0,0,1,0
150,997,2012,0,Male,2003,Later,NA,0,0,1,0
150,391,2008,0,Male,2003,Later,0,0,0,1,0
151,748,2012,0.062561035,Female,2003,Later,1,1,0,1,0
151,801,2013,0.031555176,Female,2003,Later,NA,0,3,1,0
151,140,2006,0,Female,2003,First,0,0,0,1,0
152,612,2013,0,Male,2000,Later,NA,0,0,0,0
153,148,2005,0,Male,NA,Later,NA,0,0,0,0
153,355,2003,0,Male,NA,Later,0,0,1,0,0
154,998,2003,0,Male,2001,First,NA,0,1,0,0
155,600,2010,0,Male,2002,Later,1,0,1,0,0
155,425,2004,0,Male,2002,First,0,0,1,0,0
155,833,2014,0,Male,2002,Later,NA,0,0,0,0
156,323,1998,0,Male,NA,First,NA,0,0,0,0
157,239,2000,0,Female,NA,Later,1,0,0,0,0
157,48,2001,0,Female,NA,Later,NA,0,0,0,0
157,364,1998,0,Female,NA,First,0,0,0,0,0
158,164,2000,0,Male,1997,Later,NA,0,2,0,0
158,999,1999,0,Male,1997,First,0,0,1,0,0
159,14,1999,0,Female,1997,First,NA,0,2,0,0
160,326,2000,0,Male,NA,Later,NA,0,0,0,0
160,345,1998,0,Male,NA,First,0,0,2,0,0
161,109,1998,0,Female,1997,First,NA,0,4,0,0
162,316,1998,0,Female,1997,First,0,0,1,0,0
162,276,1999,0,Female,1997,Later,NA,0,2,0,0
163,20,1999,0,Female,1997,First,NA,0,1,0,0
164,158,2000,0,Female,1997,Later,0,0,0,0,0
165,181,1998,0,Male,NA,First,NA,0,0,0,0
166,17,1999,0,Female,1997,First,NA,0,3,0,0
167,16,2000,0,Female,1998,First,NA,0,4,1,0
168,17,2000,0.012451172,Female,1998,First,NA,0,0,0,0
169,80,1990,0,Male,1978,Later,NA,0,0,0,0
170,1000,1991,0,Female,1981,Later,NA,0,0,0,0
171,83,1990,0,Male,NA,Later,0,0,0,0,0
172,191,1990,0,Female,NA,Later,NA,0,0,0,0
173,73,1991,0.25,Female,1983,Later,0,1,0,0,1
173,88,1993,0.015625,Female,1983,Later,NA,0,1,0,0
174,70,1990,0,Male,1983,Later,NA,0,0,0,0
175,198,1990,0.25,Female,1984,Later,NA,1,1,0,1
176,71,1993,0,Female,1991,First,NA,0,1,0,0
177,1001,1994,0,Male,NA,Later,0,0,0,0,0
177,1002,1992,0,Male,NA,First,0,0,0,0,0
177,292,1996,0,Male,NA,Later,0,0,0,0,0
177,227,1998,0,Male,NA,Later,NA,0,0,0,0
177,322,1997,0,Male,NA,Later,0,0,0,0,0
177,271,1995,0,Male,NA,Later,0,0,0,0,0
178,222,1994,0,Female,NA,Later,NA,0,4,0,0
179,276,1995,0,Female,NA,Later,NA,0,0,0,0
179,1003,1992,0,Female,NA,First,0,0,0,0,0
179,187,1994,0,Female,NA,Later,0,0,1,0,0
180,27,1992,0,Male,1991,Later,NA,0,2,0,0
181,46,2001,0,Female,1991,Later,NA,0,0,0,0
181,10,1997,0,Female,1991,Later,0,0,0,0,0
181,165,1998,0,Female,1991,Later,0,0,0,0,0
181,318,1999,0,Female,1991,Later,0,0,0,0,0
182,178,1993,0,Male,NA,First,NA,0,1,0,0
183,219,1993,0,Female,NA,First,NA,0,0,0,0
184,1004,1997,0,Female,NA,Later,NA,0,0,0,0
184,242,1994,0,Female,NA,Later,0,0,0,0,0
185,273,1995,0,Male,NA,Later,NA,0,0,0,0
185,206,1992,0,Male,NA,First,0,0,0,0,0
186,342,2001,0,Male,1986,Later,NA,0,3,0,0
186,194,1992,0.0078125,Male,1986,Later,0,0,0,0,0
186,266,1998,0,Male,1986,Later,0,0,0,0,0
187,179,1994,0,Male,1991,Later,NA,0,0,0,0
188,220,1991,0,Female,NA,Later,0,0,0,0,0
188,67,1992,0,Female,NA,Later,NA,0,0,0,0
189,60,1991,0,Male,1984,Later,NA,0,0,0,0
190,203,1990,0,Male,1985,Later,0,0,0,0,0
190,231,1994,0,Male,1985,Later,0,0,0,0,0
190,261,1995,0,Male,1985,Later,NA,0,0,0,0
190,60,1992,0,Male,1985,Later,0,0,0,0,0
190,31,1991,0,Male,1985,Later,1,0,0,0,0
191,172,1990,0,Male,1985,Later,0,0,2,0,0
191,6,1994,0,Male,1985,Later,0,0,0,0,0
191,309,1995,0,Male,1985,Later,NA,0,0,0,0
192,22,1990,0,Male,NA,Later,NA,0,0,0,0
193,199,1990,0.015625,Female,1985,Later,NA,0,2,0,0
194,186,1992,0.0078125,Female,1985,Later,NA,0,0,0,0
194,37,1991,0.000976563,Female,1985,Later,0,0,0,0,0
195,209,1990,0,Female,NA,Later,0,0,0,0,0
195,200,1991,0,Female,NA,Later,NA,0,0,0,0
196,983,1995,0,Male,NA,First,NA,0,2,0,0
197,218,1991,0,Male,NA,Later,NA,0,2,0,0
198,175,1990,0.25,Male,1987,Later,0,1,0,0,1
198,22,1991,0,Male,1987,Later,0,0,1,0,0
198,221,1991,0,Male,1987,Later,0,0,0,0,0
198,218,1992,0,Male,1987,Later,NA,0,3,0,0
199,193,1990,0.015625,Male,1981,Later,NA,0,0,0,0
200,27,1993,0,Male,NA,Later,0,0,0,0,0
200,307,1996,0,Male,NA,Later,NA,0,0,0,0
200,218,1994,0,Male,NA,Later,0,0,0,0,0
200,26,1990,0,Male,NA,Later,0,0,0,0,0
200,195,1991,0,Male,NA,Later,0,0,2,0,0
201,253,1995,0,Female,1985,Later,NA,0,0,0,0
201,72,1990,0.25,Female,1985,Later,0,1,0,0,1
202,27,1991,0,Male,NA,Later,NA,0,2,0,0
202,211,1990,0,Male,NA,Later,0,0,0,0,0
203,190,1990,0,Female,NA,Later,NA,0,0,0,0
204,131,1998,0,Female,1986,Later,NA,0,0,0,0
205,213,1991,0,Male,1986,Later,NA,0,0,0,0
206,185,1992,0,Female,NA,Later,NA,0,0,0,0
207,38,1990,0,Male,1987,Later,0,0,3,0,0
207,1005,1993,0,Male,1987,Later,NA,0,0,0,0
207,230,1993,0,Male,1987,Later,0,0,0,0,0
208,28,1990,0,Female,NA,Later,NA,0,1,0,0
209,195,1990,0,Male,1987,First,NA,0,0,0,0
210,364,1997,0,Female,1987,Later,NA,0,0,0,0
210,254,1995,0,Female,1987,Later,0,0,0,0,0
210,1006,1996,0,Female,1987,Later,0,0,0,0,0
211,202,1990,0,Female,NA,Later,NA,0,1,0,0
212,338,1998,0,Male,1990,Later,0,0,0,1,0
212,232,1993,0,Male,1990,First,0,0,1,1,0
212,326,1999,0,Male,1990,Later,NA,0,0,1,0
212,335,1997,0,Male,1990,Later,0,0,0,1,0
213,1007,1992,0,Female,NA,Later,NA,0,0,0,0
213,205,1991,0,Female,NA,Later,0,0,3,0,0
214,1008,1992,0,Male,1990,First,0,0,3,1,0
214,1009,1993,0,Male,1990,Later,NA,0,0,1,0
215,1010,1992,0,Male,1990,First,0,0,7,1,0
215,369,1997,0,Male,1990,Later,0,0,0,1,0
215,378,2001,0,Male,1990,Later,NA,0,0,1,0
215,328,1998,0,Male,1990,Later,0,0,0,1,0
215,241,1994,0,Male,1990,Later,0,0,0,1,0
216,295,1994,0,Male,NA,Later,NA,0,0,0,0
217,74,1991,0,Female,NA,First,NA,0,0,0,0
218,197,1991,0,Female,NA,First,0,0,0,0,0
218,198,1992,0,Female,NA,Later,0,0,0,0,0
218,200,1994,0,Female,NA,Later,NA,0,1,0,0
218,228,1993,0,Female,NA,Later,0,0,0,0,0
219,183,1993,0,Male,1990,First,0,0,0,1,0
219,2,1994,0,Male,1990,Later,NA,0,0,1,0
220,188,1991,0,Male,NA,First,NA,0,0,0,0
221,198,1991,0,Female,NA,First,NA,0,2,0,0
222,263,1996,0,Male,NA,Later,1,0,0,0,0
222,288,1997,0,Male,NA,Later,NA,0,0,0,0
222,178,1994,0,Male,NA,Later,0,0,0,0,0
222,223,1993,0,Male,NA,First,0,0,0,0,0
223,81,1991,0,Female,NA,First,0,0,0,0,0
223,222,1993,0,Female,NA,Later,NA,0,0,0,0
224,109,1992,0,Female,NA,First,NA,0,1,0,0
225,59,1991,0,Male,NA,First,NA,0,0,0,0
226,1011,1994,0,Male,1991,Later,0,0,0,1,0
226,1012,1998,0,Male,1991,Later,NA,0,0,1,0
227,362,2000,0,Female,1991,Later,NA,0,0,1,0
228,1013,1994,0,Male,1991,Later,NA,0,0,1,0
228,218,1993,0,Male,1991,First,1,0,1,1,0
229,71,1993,0,Female,1991,First,NA,0,2,1,0
230,207,1993,0,Female,1991,First,NA,0,3,1,0
231,1014,1993,0,Female,1991,First,0,0,5,1,0
231,190,1994,0,Female,1991,Later,NA,0,0,1,0
232,212,1993,0,Female,1991,First,NA,0,0,1,0
233,8,1994,0,Female,NA,Later,NA,0,0,0,0
234,276,1994,0,Female,1991,First,NA,0,1,0,0
235,5,1994,0,Male,1985,Later,0,0,0,0,0
235,68,1990,0,Male,1985,Later,0,0,1,0,0
235,277,1994,0,Male,1985,Later,NA,0,0,0,0
236,264,1994,0,Male,NA,Later,0,0,0,0,0
236,277,1998,0,Male,NA,Later,NA,0,0,0,0
237,78,1993,0,Male,NA,First,0,0,0,0,0
237,310,1997,0,Male,NA,Later,NA,0,0,0,0
238,87,1994,0,Female,1992,First,NA,0,1,0,0
239,157,2000,0,Male,NA,Later,0,0,2,0,0
239,270,2001,0,Male,NA,Later,NA,0,1,0,0
240,1015,1998,0,Female,NA,Later,NA,0,0,0,0
241,215,1994,0,Female,NA,First,NA,0,0,0,0
242,184,1994,0,Male,NA,Later,NA,0,0,0,0
243,319,1995,0,Male,1993,First,NA,0,2,1,0
244,248,1995,0,Female,1993,First,NA,0,3,1,0
245,351,1998,0,Male,1993,First,0,0,1,1,0
245,412,2003,0.000976563,Male,1993,Later,NA,0,0,1,0
246,3,2000,0,Male,1993,Later,0,0,0,1,0
246,101,2004,0,Male,1993,Later,NA,0,0,1,0
246,1016,2003,0,Male,1993,Later,0,0,0,1,0
246,1017,1995,0,Male,1993,First,0,0,2,1,0
247,3,1994,0,Male,1993,First,NA,0,0,1,0
248,244,1995,0,Male,1993,First,NA,0,3,1,0
249,279,1998,0,Female,1993,Later,NA,0,0,1,0
249,251,1996,0,Female,1993,Later,1,0,0,1,0
250,983,1997,0,Male,1993,First,NA,0,3,1,0
251,327,2002,0,Male,1993,Later,0,0,0,1,0
251,348,1998,0,Male,1993,Later,0,0,2,1,0
251,443,2005,0,Male,1993,Later,NA,0,0,1,0
251,249,1996,0,Male,1993,First,0,0,4,1,0
252,272,1995,0,Female,1993,First,NA,0,0,1,0
253,201,1995,0,Male,1993,First,NA,0,0,1,0
254,210,1995,0,Male,1993,First,NA,0,1,1,0
255,349,2000,0.015625,Male,1993,Later,0,0,0,1,0
255,54,1995,0.073242188,Male,1993,First,0,1,0,1,0
255,384,2001,0.063476563,Male,1993,Later,NA,1,0,1,0
256,290,1995,0,Female,1993,First,NA,0,5,1,0
257,1018,1995,0,Male,1993,First,0,0,1,1,0
257,288,2001,0,Male,1993,Later,NA,0,0,1,0
258,286,1996,0,Female,1993,First,NA,0,3,1,0
259,319,1998,0,Male,1993,Later,0,0,0,1,0
259,281,1995,0,Male,1993,First,0,0,3,1,0
259,392,2001,0.0078125,Male,1993,Later,NA,0,0,1,0
259,366,2000,0,Male,1993,Later,0,0,0,1,0
259,333,1997,0,Male,1993,Later,0,0,0,1,0
260,338,1996,0,Male,1993,First,NA,0,0,1,0
261,190,1995,0,Female,1993,First,NA,0,1,1,0
262,275,1995,0,Female,1993,First,NA,0,1,1,0
263,222,1996,0,Female,1993,First,NA,0,0,1,0
264,236,1994,0,Female,NA,First,NA,0,0,0,0
265,300,1996,0,Female,1993,First,NA,0,4,1,0
266,1019,1995,0,Female,1993,First,0,0,1,1,0
266,186,1998,0,Female,1993,Later,NA,0,3,1,0
267,7,1994,0,Female,1993,First,NA,0,3,1,0
268,1,1998,0,Male,1993,Later,NA,0,0,1,0
268,302,1995,0,Male,1993,First,1,0,5,1,0
269,280,1995,0,Male,1993,First,NA,0,5,1,0
270,117,2004,0,Female,1993,Later,NA,0,0,1,0
270,289,1995,0,Female,1993,First,0,0,2,1,0
270,239,2001,0,Female,1993,Later,0,0,0,1,0
271,177,1995,0,Female,1993,First,NA,0,3,1,0
272,252,1995,0,Male,1993,First,0,0,0,1,0
272,414,2002,0,Male,1993,Later,NA,0,0,1,0
273,185,1995,0,Female,1993,First,0,0,0,0,0
273,274,1997,0,Female,1993,Later,NA,0,0,0,0
274,417,2002,0,Male,1993,Later,NA,0,0,1,0
274,273,1997,0,Male,1993,First,0,0,0,1,0
275,262,1995,0,Male,1993,First,NA,0,1,1,0
276,179,1995,0,Male,1993,Later,0,0,2,0,0
276,502,2005,0,Male,1993,Later,NA,0,0,0,0
276,162,1999,0,Male,1993,Later,0,0,0,0,0
277,776,2001,0,Female,NA,Later,NA,0,0,0,0
277,236,1998,0,Female,NA,Later,0,0,0,0,0
277,235,1994,0,Female,NA,Later,0,0,1,0,0
278,7,1995,0,Female,1993,First,0,0,2,0,0
278,129,2000,0,Female,1993,Later,1,0,0,0,0
278,347,1999,0,Female,1993,Later,0,0,0,0,0
278,614,2000,0,Female,1993,Later,NA,0,0,0,0
279,380,2002,0,Male,NA,Later,NA,0,0,0,0
279,70,1997,0,Male,NA,Later,0,0,0,0,0
279,293,1998,0,Male,NA,Later,0,0,0,0,0
279,249,1998,0,Male,NA,Later,0,0,0,0,0
279,80,1994,0,Male,NA,First,0,0,0,0,0
280,269,1995,0,Female,NA,Later,0,0,0,0,0
280,88,1996,0,Female,NA,Later,NA,0,0,0,0
281,259,1995,0,Female,1993,First,NA,0,1,0,0
282,390,1996,0,Female,1994,First,NA,0,2,1,0
283,311,1995,0,Male,1994,First,NA,0,3,1,0
284,337,1996,0,Male,1994,First,NA,0,3,1,0
285,341,1996,0,Male,1994,First,NA,0,0,1,0
286,258,1996,0,Male,1994,First,0,0,0,1,0
286,127,2004,0,Male,1994,Later,NA,0,0,1,0
287,334,1996,0,Male,1994,First,NA,0,0,1,0
288,367,1998,0,Female,1994,Later,0,0,0,1,0
288,108,2004,0.25,Female,1994,Later,NA,1,0,1,1
288,222,1997,0,Female,1994,First,0,0,0,1,0
288,257,2001,0,Female,1994,Later,0,0,0,1,0
289,270,1995,0,Male,1990,Later,NA,0,0,1,0
289,1020,1994,0,Male,1990,Later,0,0,0,1,0
290,256,1995,0,Male,1994,First,NA,0,2,1,0
291,336,1996,0,Male,1994,First,NA,0,2,1,0
292,177,1996,0,Female,1994,First,NA,0,0,1,0
293,361,1996,0,Female,1994,First,0,0,3,0,0
293,279,1998,0,Female,1994,Later,NA,0,0,0,0
294,9,1997,0,Female,1995,First,NA,0,0,0,0
295,216,1994,0,Female,NA,First,0,0,0,0,0
295,1021,1995,0,Female,NA,Later,0,0,0,0,0
295,339,1999,0,Female,NA,Later,NA,0,0,0,0
296,320,1997,0,Male,1994,First,NA,0,0,1,0
297,309,2000,0,Male,1994,First,NA,0,1,1,0
298,299,1995,0,Male,NA,First,NA,0,0,0,0
299,316,1997,0,Female,1994,Later,NA,0,2,0,0
299,298,1995,0,Female,1994,First,0,0,0,0,0
300,1,1997,0,Male,1994,Later,NA,0,1,0,0
300,265,1996,0,Male,1994,First,0,0,1,0,0
301,303,1996,0,Female,NA,Later,NA,0,0,0,0
302,330,1998,0,Female,NA,Later,0,0,0,0,0
302,331,1999,0,Female,NA,Later,NA,0,0,0,0
302,268,1995,0,Female,NA,First,1,0,0,0,0
303,301,1996,0,Male,1994,First,NA,0,0,0,0
304,394,2002,0,Male,1994,Later,0,0,0,0,0
305,306,1995,0,Male,NA,First,NA,0,0,0,0
306,95,2003,0,Female,NA,Later,NA,0,0,0,0
306,305,1995,0,Female,NA,First,0,0,0,0,0
307,200,1996,0,Female,NA,First,0,0,0,0,0
307,402,2001,0,Female,NA,Later,NA,0,0,0,0
308,1022,1996,0,Female,1994,Later,0,0,0,0,0
308,1023,1995,0,Female,1994,First,0,0,2,0,0
308,12,1997,0,Female,1994,Later,NA,0,2,0,0
309,191,1995,0,Female,NA,First,0,0,1,0,0
309,297,2000,0,Female,NA,Later,0,0,0,0,0
309,111,2004,0,Female,NA,Later,NA,0,0,0,0
310,237,1997,0,Female,1994,First,NA,0,0,0,0
311,53,2000,0,Female,1994,Later,NA,0,0,0,0
312,3,1997,0,Male,1994,First,NA,0,2,0,0
313,319,1996,0,Male,1995,First,NA,0,3,1,0
314,352,2000,0,Male,1995,Later,0,0,0,1,0
314,385,2001,0,Male,1995,Later,NA,0,0,1,0
314,349,1997,0.015625,Male,1995,First,0,0,1,1,0
315,13,1997,0,Male,1995,First,NA,0,1,1,0
316,299,1997,0,Male,1995,First,0,0,2,1,0
316,162,1998,0,Male,1995,Later,NA,0,0,1,0
317,370,1997,0,Male,1995,First,NA,0,0,1,0
318,78,1997,0,Male,1995,First,0,0,0,1,0
318,181,1999,0,Male,1995,Later,NA,0,1,1,0
318,326,1998,0,Male,1995,Later,1,0,3,1,0
319,259,1998,0,Female,NA,Later,NA,0,0,0,0
319,313,1996,0,Female,NA,Later,0,0,0,0,0
320,296,1997,0,Female,1995,First,NA,0,2,1,0
321,11,1999,0,Male,1995,First,NA,0,0,1,0
322,177,1997,0,Female,NA,First,NA,0,0,0,0
323,156,1998,0,Female,1995,First,NA,0,0,1,0
324,8,1997,0,Female,1995,First,NA,0,2,1,0
325,330,1997,0,Female,1995,First,NA,0,0,0,0
326,160,2000,0,Female,1995,Later,NA,0,0,0,0
326,318,1998,0,Female,1995,First,1,0,2,0,0
326,212,1999,0,Female,1995,Later,0,0,0,0,0
327,57,1996,0,Female,NA,First,0,0,0,0,0
327,354,1999,0,Female,NA,Later,0,0,0,0,0
328,215,1998,0,Female,NA,Later,NA,0,0,0,0
328,340,1997,0,Female,NA,First,0,0,3,0,0
329,1024,1996,0,Female,1995,First,NA,0,2,0,0
330,325,1997,0,Male,1995,First,0,0,0,0,0
330,302,1998,0,Male,1995,Later,NA,0,1,0,0
331,399,2000,0,Male,1995,Later,0,0,0,0,0
331,80,1997,0,Male,1995,First,0,0,2,0,0
331,19,2001,0,Male,1995,Later,NA,0,0,0,0
332,367,1997,0,Female,NA,First,NA,0,0,0,0
333,259,1997,0,Female,1995,First,NA,0,2,0,0
334,287,1996,0,Female,NA,First,NA,0,1,0,0
335,212,1997,0,Female,NA,First,NA,0,2,0,0
336,387,2002,0,Female,NA,Later,NA,0,0,0,0
337,284,1996,0,Female,NA,First,NA,0,1,0,0
338,212,1998,0,Female,NA,Later,NA,0,0,0,0
339,295,1999,0,Male,1996,First,0,0,0,1,0
340,328,1997,0,Male,1996,First,NA,0,0,1,0
341,112,2004,0,Female,NA,Later,0,0,0,0,0
341,96,2007,0,Female,NA,Later,NA,0,0,0,0
342,373,1998,0,Female,1996,First,0,0,7,1,0
342,404,2002,0,Female,1996,Later,0,0,4,1,0
342,113,2005,0,Female,1996,Later,NA,0,0,1,0
342,186,2001,0,Female,1996,Later,0,0,0,1,0
343,360,1999,0,Male,1996,First,NA,0,0,1,0
344,365,1998,0,Female,1996,First,0,0,3,1,0
344,828,2006,0,Female,1996,Later,NA,0,0,1,0
344,400,2002,0,Female,1996,Later,0,0,0,1,0
345,160,1998,0,Female,1996,First,NA,0,11,1,0
346,358,1998,0,Male,1996,First,NA,0,0,1,0
347,278,1999,0,Male,1996,First,NA,0,2,1,0
348,251,1998,0,Female,1996,First,NA,0,0,1,0
349,255,2000,0.015625,Female,1996,Later,NA,0,1,1,0
349,314,1997,0.015625,Female,1996,First,1,0,2,1,0
350,411,2006,0.0078125,Female,1996,Later,NA,0,1,1,0
350,453,2006,0.25,Female,1996,Later,1,1,0,1,1
350,1025,1998,0,Female,1996,First,0,0,0,1,0
350,129,2001,0,Female,1996,Later,1,0,0,1,0
351,245,1998,0,Female,1996,First,NA,0,2,1,0
352,359,1998,0,Female,1996,First,0,0,9,1,0
352,47,1999,0,Female,1996,Later,0,0,0,1,0
352,314,2000,0,Female,1996,Later,NA,0,2,1,0
353,358,1998,0.024902344,Male,1996,First,NA,0,1,1,0
354,327,1999,0,Male,1996,First,NA,0,0,1,0
355,153,2003,0,Female,1996,Later,NA,0,0,1,0
355,1026,1999,0,Female,1996,First,0,0,0,1,0
356,19,1999,0.008056641,Male,1996,First,NA,0,0,1,0
357,11,1998,0,Male,1996,First,NA,0,2,1,0
358,353,1998,0.024902344,Female,1996,First,0,0,2,1,0
358,346,1998,0,Female,1996,Later,NA,0,5,1,0
359,352,1998,0,Male,1996,First,NA,0,8,1,0
360,343,1999,0,Female,1996,First,0,0,4,1,0
360,128,2000,0.002929688,Female,1996,Later,NA,0,0,1,0
361,293,1996,0,Male,1987,Later,NA,0,0,0,0
362,227,2000,0,Male,1996,First,0,0,0,1,0
362,418,2002,0,Male,1996,Later,NA,0,0,1,0
363,368,1998,0,Female,1996,First,NA,0,8,1,0
364,210,1997,0,Male,NA,Later,0,0,1,0,0
364,157,1998,0,Male,NA,Later,NA,0,0,0,0
364,1027,1997,0,Male,NA,Later,0,0,0,0,0
365,344,1998,0,Male,1996,First,NA,0,2,1,0
366,259,2000,0,Female,1996,Later,NA,0,2,1,0
366,128,1999,0,Female,1996,First,1,0,3,1,0
367,288,1998,0,Male,NA,Later,NA,0,1,0,0
367,332,1997,0,Male,NA,First,0,0,0,0,0
368,363,1998,0,Male,1996,First,0,0,3,1,0
369,215,1997,0,Female,NA,First,NA,0,2,0,0
370,317,1997,0,Female,1984,Later,NA,0,0,0,0
370,35,1991,0,Female,1984,Later,0,0,2,0,0
371,406,2004,0,Male,1997,Later,NA,0,0,0,0
371,15,1999,0,Male,1997,First,0,0,1,0,0
372,1028,1998,0,Female,1996,First,0,0,2,0,0
372,44,2000,0,Female,1996,Later,0,0,0,0,0
372,420,2001,0,Female,1996,Later,NA,0,0,0,0
373,342,1998,0,Male,1996,First,NA,0,1,0,0
374,717,2015,0,Female,2013,First,NA,0,10,0,0
375,855,2017,0.000610352,Female,2013,Later,1,0,0,0,0
375,793,2018,0.001464844,Female,2013,Later,NA,0,1,0,0
375,771,2015,0.019012451,Female,2013,First,0,0,5,0,0
376,588,2016,0,Male,2013,First,0,0,1,0,0
377,51,2001,0,Male,1999,First,NA,0,0,1,0
378,1029,2003,0,Female,1999,Later,NA,0,0,1,0
378,215,2001,0,Female,1999,First,0,0,2,1,0
379,409,2002,0,Female,1999,First,NA,0,2,1,0
380,279,2002,0,Female,1999,First,0,0,1,1,0
380,524,2008,0,Female,1999,Later,NA,0,0,1,0
380,498,2007,0,Female,1999,Later,0,0,0,1,0
381,426,2003,0,Female,1998,Later,1,0,0,0,0
381,14,2003,0,Female,1998,Later,NA,0,2,0,0
382,407,2002,0,Female,1999,First,0,0,4,1,0
382,436,2003,0,Female,1999,Later,0,0,2,1,0
382,424,2003,0,Female,1999,Later,NA,0,0,1,0
383,393,2002,0,Male,1999,First,NA,0,0,1,0
384,255,2001,0.063476563,Female,1999,First,NA,1,0,1,0
385,1030,2003,0,Female,1999,Later,0,0,0,0,0
385,509,2007,0,Female,1999,Later,0,0,0,0,0
385,138,2005,0,Female,1999,Later,0,0,0,0,0
385,486,2009,0.25,Female,1999,Later,NA,1,1,0,1
385,314,2001,0,Female,1999,First,0,0,0,0,0
385,446,2008,0,Female,1999,Later,0,0,1,0,0
386,132,2003,0,Male,1999,Later,NA,0,1,1,0
386,397,2002,0,Male,1999,First,0,0,0,1,0
387,90,2004,0,Male,1999,Later,0,0,0,1,0
387,336,2002,0,Male,1999,First,0,0,0,1,0
387,497,2005,0,Male,1999,Later,NA,0,0,1,0
388,1031,2002,0,Female,1999,First,0,0,0,1,0
388,117,2003,0,Female,1999,Later,NA,0,0,1,0
389,405,2002,0.0078125,Female,1999,First,NA,0,2,1,0
390,282,1996,0,Male,1993,Later,1,0,0,1,0
390,55,2000,0,Male,1993,Later,NA,0,0,1,0
390,1032,1995,0,Male,1993,First,0,0,0,1,0
391,109,2002,0.125,Female,1999,First,0,1,0,1,0
391,150,2008,0,Female,1999,Later,NA,0,0,1,0
391,143,2005,0.0625,Female,1999,Later,0,1,0,1,0
392,259,2001,0.0078125,Female,1999,First,0,0,0,0,0
392,431,2003,0,Female,1999,Later,NA,0,1,0,0
393,383,2002,0,Female,1999,First,NA,0,0,1,0
394,304,2002,0,Female,1999,First,NA,0,2,0,0
395,413,2002,0,Female,1999,First,NA,0,4,0,0
396,773,2013,0,Female,NA,Later,NA,0,0,0,0
397,386,2002,0,Female,NA,First,NA,0,1,0,0
398,416,2002,0,Female,1999,Later,0,0,0,0,0
398,1033,2002,0,Female,1999,Later,0,0,0,0,0
398,121,2006,0,Female,1999,Later,NA,0,3,0,0
399,331,2000,0,Female,NA,First,NA,0,0,0,0
400,344,2002,0,Male,2000,First,NA,0,0,1,0
401,415,2002,0,Male,2000,First,NA,0,0,1,0
402,419,2003,0,Male,1999,Later,NA,0,0,0,0
403,410,2003,0,Female,2000,First,NA,0,0,0,0
404,342,2002,0,Male,2000,First,NA,0,0,1,0
405,389,2002,0.0078125,Male,2000,First,0,0,1,1,0
406,371,2004,0,Female,2000,Later,0,0,0,1,0
406,411,2002,0.00390625,Female,2000,First,1,0,3,1,0
406,720,2008,0.03125,Female,2000,Later,NA,0,0,1,0
407,382,2002,0,Male,2000,First,NA,0,4,1,0
408,420,2003,0,Female,2000,First,NA,0,0,1,0
409,558,2003,0,Male,2000,Later,NA,0,0,1,0
409,379,2002,0,Male,2000,First,0,0,1,1,0
410,573,2005,0,Male,2000,Later,NA,0,0,1,0
411,406,2002,0.00390625,Male,2000,First,1,0,0,1,0
411,350,2006,0.0078125,Male,2000,Later,0,0,0,1,0
412,245,2003,0.000976563,Female,2000,First,NA,0,0,1,0
413,395,2002,0,Male,2000,First,0,0,5,1,0
413,105,2005,0,Male,2000,Later,NA,0,0,1,0
414,645,2007,0,Female,2000,Later,NA,0,0,1,0
415,401,2002,0,Female,1999,First,NA,0,3,1,0
416,398,2002,0,Male,2000,First,NA,0,0,1,0
417,426,2005,0,Female,NA,Later,NA,0,0,0,0
418,362,2002,0,Female,NA,First,0,0,1,0,0
418,442,2005,0,Female,NA,Later,NA,0,0,0,0
419,446,2005,0,Female,NA,Later,NA,0,0,0,0
419,402,2003,0,Female,NA,First,0,0,0,0,0
420,408,2003,0,Male,NA,Later,0,0,0,0,0
420,501,2007,0,Male,NA,Later,NA,0,0,0,0
421,429,2003,0,Female,2000,Later,0,0,0,0,0
421,116,2004,0,Female,2000,Later,NA,0,0,0,0
422,123,2004,0,Female,2001,Later,NA,0,0,1,0
423,95,2004,0,Female,2001,First,0,0,0,0,0
423,458,2007,0,Female,2001,Later,0,0,0,0,0
423,569,2010,0.125,Female,2001,Later,NA,1,0,0,0
424,810,2004,0,Male,2001,Later,NA,0,0,1,0
424,382,2003,0,Male,2001,First,0,0,1,1,0
425,155,2004,0,Female,2001,First,NA,0,2,1,0
426,381,2003,0,Male,2001,First,1,0,0,1,0
426,433,2003,0,Male,2001,Later,1,0,0,1,0
426,417,2005,0,Male,2001,Later,NA,0,0,1,0
427,92,2002,0,Male,2001,First,NA,0,1,1,0
428,127,2003,0,Male,2001,First,NA,0,1,1,0
429,421,2003,0,Male,2001,First,NA,0,4,1,0
430,137,2011,0,Female,2001,Later,NA,0,0,1,0
430,593,2010,0,Female,2001,Later,0,0,0,1,0
431,447,2005,0,Male,2001,Later,NA,0,0,1,0
431,392,2003,0,Male,2001,First,0,0,0,1,0
432,618,2002,0,Male,2001,First,NA,0,1,1,0
433,426,2003,0,Female,2001,First,1,0,0,1,0
433,139,2005,0,Female,2001,Later,NA,0,1,1,0
434,110,2003,0,Male,2001,First,NA,0,0,1,0
435,421,2002,0.00390625,Male,2001,First,NA,0,1,1,0
436,382,2003,0,Male,2001,First,NA,0,3,1,0
437,788,2018,0.062744141,Male,2016,First,0,1,0,0,0
437,439,2019,0.015625,Male,2016,Later,NA,0,0,0,0
438,789,2019,0.001953125,Female,2016,First,NA,0,0,0,0
439,690,2021,0,Female,2017,Later,NA,0,0,0,0
439,437,2019,0.015625,Female,2017,First,0,0,0,0,0
439,689,2020,0,Female,2017,Later,0,0,0,0,0
440,975,2020,0,Male,2017,First,NA,0,0,0,0
441,912,2018,0,Male,NA,First,NA,0,0,0,0
442,418,2005,0,Male,2003,First,NA,0,0,0,0
443,829,2007,0,Female,NA,Later,0,0,0,0,0
443,748,2014,0,Female,NA,Later,NA,0,0,0,0
443,251,2005,0,Female,NA,First,0,0,1,0,0
444,479,2007,0.000549316,Female,2004,Later,NA,0,2,0,0
445,714,2012,0,Female,2004,Later,NA,0,0,0,0
445,123,2006,0,Female,2004,First,0,0,0,0,0
446,385,2008,0,Male,2004,Later,NA,0,1,0,0
446,105,2006,0.0078125,Male,2004,Later,0,0,1,0,0
447,431,2005,0,Female,NA,Later,NA,0,0,0,0
447,121,2004,0,Female,NA,First,1,0,1,0,0
448,125,2004,0,Female,NA,First,NA,0,0,0,0
449,485,2006,0,Female,NA,First,0,0,1,0,0
449,508,2007,0,Female,NA,Later,NA,0,0,0,0
450,721,2005,0,Female,2003,First,NA,0,1,0,0
451,586,2008,0,Male,NA,Later,NA,0,0,0,0
451,1034,2004,0,Male,NA,First,0,0,0,0,0
452,453,2007,0.25,Female,2004,First,NA,1,0,1,1
453,523,2008,0,Male,2004,Later,NA,0,0,1,0
453,452,2007,0.25,Male,2004,Later,1,1,0,1,1
453,456,2006,0.015625,Male,2004,Later,1,0,0,1,0
453,350,2006,0.25,Male,2004,First,1,1,0,1,1
454,828,2007,0.03125,Female,2004,First,NA,0,0,1,0
455,550,2006,0,Male,2004,First,1,0,0,1,0
455,469,2007,0.03125,Male,2004,Later,NA,0,0,1,0
456,453,2006,0.015625,Female,2004,First,1,0,2,1,0
456,607,2009,0,Female,2004,Later,NA,0,1,1,0
456,131,2007,0,Female,2004,Later,1,0,3,1,0
457,584,2008,0,Male,2004,First,1,0,0,1,0
457,516,2009,0,Male,2004,Later,NA,0,1,1,0
458,423,2007,0,Male,2004,First,NA,0,0,1,0
459,814,2006,0.125,Female,2004,First,NA,1,0,1,0
460,554,2010,0.140625,Male,2004,Later,NA,1,0,1,0
460,494,2006,0,Male,2004,First,0,0,0,1,0
461,534,2006,0,Male,2004,First,NA,0,0,1,0
462,150,2006,0,Female,2004,First,NA,0,0,1,0
463,1035,2007,0,Male,2004,Later,NA,0,0,1,0
463,1036,2006,0,Male,2004,First,0,0,2,1,0
464,558,2006,0,Male,2004,First,NA,0,0,1,0
465,491,2006,0.000244141,Female,2004,First,NA,0,1,1,0
466,488,2007,0.01574707,Male,2004,Later,NA,0,0,1,0
466,103,2006,0.015625,Male,2004,First,0,0,2,1,0
467,105,2006,0,Male,2004,First,NA,0,2,1,0
468,581,2010,0,Female,2004,Later,NA,0,0,1,0
468,142,2006,0.015625,Female,2004,First,0,0,0,1,0
468,1037,2010,0,Female,2004,Later,0,0,0,1,0
469,455,2007,0.03125,Female,2004,Later,NA,0,0,1,0
469,98,2006,0.03125,Female,2004,First,0,0,5,1,0
470,526,2008,0,Male,2004,First,NA,0,1,1,0
471,810,2008,0,Male,2004,First,NA,0,3,1,0
472,856,2015,0.000320435,Female,2013,First,NA,0,11,0,0
473,884,2016,0,Male,2013,First,1,0,1,0,0
473,785,2018,0,Male,2013,Later,1,0,0,0,0
473,635,2019,0,Male,2013,Later,NA,0,0,0,0
474,567,2016,0.00050354,Male,2013,First,1,0,0,0,0
475,768,2015,0,Male,2013,First,0,0,0,0,0
475,870,2018,0.000762939,Male,2013,Later,0,0,0,0,0
475,625,2020,0.000671387,Male,2013,Later,NA,0,0,0,0
476,834,2015,0,Male,NA,Later,NA,0,0,0,0
476,650,2014,0,Male,NA,First,1,0,1,0,0
477,804,2016,0,Female,NA,Later,NA,0,0,0,0
477,852,2015,0,Female,NA,First,0,0,1,0,0
478,894,2017,0,Female,NA,Later,NA,0,0,0,0
479,788,2014,0.01663208,Male,2004,Later,NA,0,0,1,0
479,444,2007,0.000549316,Male,2004,First,0,0,0,1,0
479,552,2012,0,Male,2004,Later,0,0,0,1,0
480,854,2015,0,Female,2014,First,NA,0,8,0,0
481,96,2005,0,Female,2003,First,NA,0,2,0,0
482,108,2005,0,Female,NA,Later,0,0,0,0,0
482,561,2007,0,Female,NA,Later,NA,0,2,0,0
483,534,2007,0,Male,2004,First,NA,0,2,1,0
484,122,2007,0.25,Male,2004,First,0,1,0,1,1
484,572,2008,0.000732422,Male,2004,Later,NA,0,0,1,0
485,449,2006,0,Male,2004,First,NA,0,0,1,0
486,385,2009,0.25,Male,2004,Later,0,1,0,1,1
486,506,2007,0.015625,Male,2004,First,0,0,0,1,0
486,540,2010,0,Male,2004,Later,NA,0,0,1,0
487,147,2006,0.031738281,Male,2004,First,NA,0,3,1,0
488,466,2007,0.01574707,Female,2004,First,0,0,0,1,0
488,513,2008,0.07824707,Female,2004,Later,0,1,0,1,0
488,603,2011,0.070617676,Female,2004,Later,NA,1,0,1,0
489,528,2006,0.000244141,Male,2004,First,NA,0,0,1,0
490,536,2007,0,Male,2004,Later,1,0,0,1,0
490,135,2006,0,Male,2004,First,0,0,0,1,0
490,759,2012,0.0078125,Male,2004,Later,NA,0,0,1,0
490,495,2010,0,Male,2004,Later,0,0,3,1,0
491,465,2006,0.000244141,Male,2004,First,1,0,2,1,0
491,613,2010,0,Male,2004,Later,1,0,0,1,0
491,811,2012,0,Male,2004,Later,NA,0,0,1,0
492,882,2008,0.25,Female,2004,First,0,1,0,1,1
492,592,2014,0,Female,2004,Later,NA,0,0,1,0
493,882,2005,0,Female,NA,First,NA,0,1,0,0
494,460,2006,0,Female,2004,First,NA,0,1,0,0
495,490,2010,0,Female,NA,Later,NA,0,0,0,0
495,144,2008,0,Female,NA,Later,0,0,0,0,0
496,510,2008,0,Female,2004,Later,NA,0,0,0,0
496,141,2006,0,Female,2004,First,1,0,2,0,0
497,126,2007,0,Female,NA,Later,0,0,0,0,0
497,387,2005,0,Female,NA,First,0,0,0,0,0
497,877,2016,0,Female,NA,Later,1,0,2,0,0
497,745,2012,0,Female,NA,Later,0,0,0,0,0
497,942,2018,0.1328125,Female,NA,Later,NA,1,0,0,0
497,849,2014,0,Female,NA,Later,1,0,0,0,0
497,854,2016,0.0625,Female,NA,Later,0,1,2,0,0
498,380,2007,0,Male,2005,First,NA,0,0,1,0
499,538,2008,0,Male,2005,First,NA,0,0,1,0
500,533,2008,0.03125,Female,2005,Later,NA,0,10,1,0
500,525,2007,0.007843018,Female,2005,First,0,0,13,1,0
501,420,2007,0,Female,2005,First,0,0,0,1,0
501,118,2008,0,Female,2005,Later,NA,0,0,1,0
502,569,2009,0.015625,Female,2004,Later,1,0,0,0,0
502,598,2010,0,Female,2004,Later,NA,0,0,0,0
503,562,2007,0,Female,2005,First,NA,0,3,1,0
504,132,2008,0,Male,2005,First,1,0,1,1,0
504,613,2010,0,Male,2005,Later,NA,0,0,1,0
504,523,2009,0,Male,2005,Later,0,0,0,1,0
505,583,2009,0,Male,2004,First,NA,0,1,0,0
506,486,2007,0.015625,Female,2004,First,NA,0,0,0,0
507,604,2014,0,Male,2005,Later,NA,0,0,1,0
508,449,2007,0,Male,2005,First,NA,0,4,1,0
509,385,2007,0,Male,2005,First,NA,0,0,1,0
510,496,2008,0,Male,2005,First,0,0,0,1,0
510,710,2011,0.01953125,Male,2005,Later,NA,0,0,1,0
510,545,2010,0,Male,2005,Later,0,0,0,1,0
511,530,2007,0,Female,2005,First,NA,0,2,1,0
512,535,2008,0.0390625,Male,2005,First,NA,0,1,1,0
513,488,2008,0.07824707,Male,2005,Later,NA,1,2,1,0
513,563,2007,0.07824707,Male,2005,First,0,1,1,1,0
514,527,2006,0,Male,2004,First,0,0,1,0,0
514,468,2009,0.00012207,Male,2004,Later,NA,0,0,0,0
514,550,2007,0,Male,2004,Later,0,0,0,0,0
515,534,2008,0,Male,2005,First,NA,0,0,1,0
516,144,2007,0.03125,Female,2005,First,1,0,0,1,0
516,530,2008,0,Female,2005,Later,0,0,3,1,0
516,743,2014,0,Female,2005,Later,NA,0,0,1,0
516,522,2012,0,Female,2005,Later,0,0,0,1,0
516,457,2009,0,Female,2005,Later,0,0,0,1,0
517,826,2009,0.015625,Female,2005,First,NA,0,0,1,0
518,621,2011,0.001266479,Male,2005,Later,0,0,0,1,0
518,747,2012,0.000518799,Male,2005,Later,0,0,0,1,0
518,1038,2008,0,Male,2005,First,0,0,0,1,0
518,890,2013,0,Male,2005,Later,NA,0,0,1,0
518,536,2010,0,Male,2005,Later,0,0,0,1,0
519,96,2008,0,Female,2005,First,NA,0,0,0,0
520,142,2008,0,Female,2005,First,NA,0,0,0,0
521,113,2008,0,Female,2005,First,NA,0,1,0,0
522,516,2012,0,Male,2006,Later,NA,0,0,0,0
523,453,2008,0,Female,2005,First,0,0,0,1,0
523,504,2009,0,Female,2005,Later,NA,0,0,1,0
524,380,2008,0,Male,2005,First,NA,0,2,1,0
525,500,2007,0.007843018,Male,2005,First,NA,0,1,1,0
526,470,2008,0,Female,2005,First,NA,0,0,1,0
527,514,2006,0,Female,2005,First,NA,0,1,0,0
528,489,2006,0.000244141,Female,NA,Later,NA,0,1,0,0
528,94,2006,0.000976563,Female,NA,First,1,0,1,0,0
529,614,2011,0,Female,2005,Later,0,0,0,0,0
529,726,2012,0,Female,2005,Later,NA,0,1,0,0
530,516,2008,0,Male,2005,Later,NA,0,1,0,0
531,1039,2008,0,Female,2006,First,NA,0,6,1,0
532,814,2009,0.1875,Female,2006,First,NA,1,0,1,0
533,500,2008,0.03125,Male,2006,First,NA,0,1,1,0
534,515,2008,0,Female,NA,Later,0,0,0,0,0
534,483,2007,0,Female,NA,Later,0,0,0,0,0
534,539,2009,0,Female,NA,Later,NA,0,0,0,0
535,512,2008,0.0390625,Female,2006,First,0,0,3,1,0
536,490,2007,0,Female,NA,Later,1,0,2,0,0
536,518,2010,0,Female,NA,Later,NA,0,1,0,0
537,572,2009,0.000732422,Male,2006,First,NA,0,0,1,0
538,499,2008,0,Female,2006,First,NA,0,0,1,0
539,534,2009,0,Male,2006,First,NA,0,0,1,0
540,486,2010,0,Female,2006,First,0,0,0,0,0
540,819,2012,0,Female,2006,Later,NA,0,0,0,0
541,572,2010,0,Male,2006,First,NA,0,3,1,0
542,146,2008,0,Male,2006,First,NA,0,0,1,0
543,94,2010,0,Female,2006,First,NA,0,2,1,0
544,529,2008,0,Male,2006,First,1,0,1,1,0
544,551,2011,0.011962891,Male,2006,Later,NA,0,2,1,0
545,510,2010,0,Female,2006,First,NA,0,2,1,0
546,568,2013,0,Male,2006,Later,NA,0,0,1,0
546,746,2012,0.25,Male,2006,Later,0,1,0,1,1
546,715,2010,0,Male,2006,First,0,0,0,1,0
547,522,2010,0,Female,2006,First,NA,0,0,1,0
548,560,2008,0,Female,2006,First,NA,0,3,1,0
549,555,2008,0,Female,2006,First,NA,0,0,1,0
550,514,2007,0,Female,NA,Later,NA,0,1,0,0
551,544,2011,0.011962891,Female,2006,Later,NA,0,0,1,0
552,479,2012,0,Female,2006,First,NA,0,0,1,0
553,719,2010,0,Male,2006,Later,0,0,0,1,0
553,146,2012,0,Male,2006,Later,0,0,0,1,0
553,774,2014,0,Male,2006,Later,NA,0,0,1,0
553,1040,2009,0,Male,2006,First,0,0,1,1,0
553,802,2013,0.0078125,Male,2006,Later,0,0,0,1,0
554,460,2010,0.140625,Female,2006,First,NA,1,0,1,0
555,549,2008,0,Male,2006,First,0,0,0,1,0
555,145,2009,0,Male,2006,Later,1,0,0,1,0
555,844,2016,0,Male,2006,Later,NA,0,0,1,0
556,110,2009,0,Male,2006,First,NA,0,1,1,0
557,744,2014,0.125,Male,2006,Later,NA,1,0,0,0
557,718,2010,0,Male,2006,First,0,0,1,0,0
558,464,2006,0,Female,1999,Later,NA,0,0,1,0
558,124,2004,0,Female,1999,Later,0,0,0,1,0
558,409,2003,0,Female,1999,Later,0,0,0,1,0
558,48,2002,0,Female,1999,First,0,0,0,1,0
559,778,2015,0,Female,2006,Later,NA,0,0,0,0
560,132,2009,0,Male,NA,Later,NA,0,0,0,0
561,1041,2009,0,Male,NA,Later,NA,0,0,0,0
561,482,2007,0,Male,NA,First,0,0,0,0,0
562,919,2017,0,Male,NA,Later,0,0,0,0,0
562,892,2018,0,Male,NA,Later,NA,0,0,0,0
563,513,2007,0.07824707,Female,2005,First,NA,1,0,1,0
564,615,2008,0,Male,2006,First,NA,0,1,0,0
565,576,2008,0,Female,2007,First,NA,0,2,0,0
566,1042,2010,0.00012207,Male,2007,First,0,0,0,0,0
566,762,2012,0.0703125,Male,2007,Later,0,1,0,0,0
566,820,2015,0,Male,2007,Later,1,0,0,0,0
566,845,2015,0,Male,2007,Later,NA,0,0,0,0
567,857,2017,0.00390625,Female,2007,Later,0,0,0,0,0
567,133,2010,0.000244141,Female,2007,First,0,0,4,0,0
567,961,2021,0,Female,2007,Later,NA,0,0,0,0
567,474,2016,0.00050354,Female,2007,Later,1,0,0,0,0
568,590,2010,0,Female,2008,First,0,0,1,0,0
568,546,2013,0,Female,2008,Later,NA,0,1,0,0
568,749,2012,0,Female,2008,Later,0,0,0,0,0
568,714,2012,0,Female,2008,Later,0,0,0,0,0
569,423,2010,0.125,Male,2007,Later,0,1,1,0,0
569,834,2014,0,Male,2007,Later,NA,0,0,0,0
569,502,2009,0.015625,Male,2007,First,0,0,2,0,0
570,131,2009,0,Female,2007,Later,0,0,1,0,0
570,620,2011,0.03125,Female,2007,Later,NA,0,0,0,0
570,522,2008,0,Female,2007,First,1,0,9,0,0
571,125,2008,0,Female,NA,First,0,0,0,0,0
571,614,2009,0,Female,NA,Later,NA,0,1,0,0
572,537,2009,0.000732422,Female,NA,Later,0,0,0,0,0
572,484,2008,0.000732422,Female,NA,First,0,0,2,0,0
572,717,2011,0,Female,NA,Later,NA,0,0,0,0
572,541,2010,0,Female,NA,Later,0,0,0,0,0
573,577,2010,0,Female,NA,Later,NA,0,0,0,0
574,507,2011,0,Female,2007,Later,NA,0,0,0,0
575,591,2010,0,Male,2007,First,NA,0,0,0,0
576,597,2009,0,Male,NA,Later,NA,0,0,0,0
577,573,2010,0,Male,2008,First,0,0,3,0,0
577,612,2012,0,Male,2008,Later,1,0,0,0,0
577,767,2013,0,Male,2008,Later,NA,0,0,0,0
578,711,2011,0.00012207,Male,2008,First,NA,0,0,0,0
579,752,2012,6.103515625e-05,Male,2008,Later,NA,0,0,0,0
579,1043,2010,0.015625,Male,2008,First,0,0,0,0,0
580,147,2011,0.000244141,Male,2008,First,NA,0,0,0,0
581,51,2011,0,Male,2008,Later,0,0,0,0,0
581,594,2010,0,Male,2008,First,1,0,0,0,0
581,813,2012,0,Male,2008,Later,0,0,0,0,0
581,1044,2015,0.125,Male,2008,Later,NA,1,0,0,0
581,468,2010,0,Male,2008,Later,0,0,0,0,0
582,1045,2010,0,Female,2008,First,0,0,1,0,0
582,724,2012,0,Female,2008,Later,NA,0,1,0,0
583,743,2012,0,Female,2008,Later,NA,0,2,0,0
583,505,2009,0,Female,2008,First,0,0,0,0,0
584,411,2009,0,Female,NA,Later,NA,0,0,0,0
584,457,2008,0,Female,NA,First,1,0,0,0,0
585,615,2010,0,Male,2007,First,NA,0,1,0,0
586,451,2008,0,Female,NA,First,NA,0,0,0,0
587,599,2017,0,Male,2008,First,NA,0,0,0,0
588,826,2010,0,Female,2008,First,1,0,2,0,0
588,376,2016,0,Female,2008,Later,NA,0,0,0,0
588,917,2013,0.015625,Female,2008,Later,0,0,0,0,0
589,812,2011,0,Male,2008,First,NA,0,2,0,0
590,568,2010,0,Male,2008,First,NA,0,9,0,0
591,575,2010,0,Female,2008,First,NA,0,0,0,0
592,492,2014,0,Male,2008,Later,0,0,0,0,0
592,610,2010,0,Male,2008,First,0,0,1,0,0
593,430,2010,0,Male,2008,First,NA,0,1,0,0
594,791,2015,0.0078125,Female,2008,Later,NA,0,0,0,0
594,581,2010,0,Female,2008,First,1,0,2,0,0
594,96,2010,0,Female,2008,Later,1,0,7,0,0
594,609,2012,0.015625,Female,2008,Later,0,0,0,0,0
595,1046,2010,0,Male,2008,First,NA,0,0,0,0
596,1047,2010,0,Male,2008,First,NA,0,1,0,0
597,576,2009,0,Female,2008,First,NA,0,0,0,0
598,502,2010,0,Male,2008,First,NA,0,0,0,0
599,742,2012,0.046875,Female,2008,Later,0,0,0,0,0
599,756,2011,0.000488281,Female,2008,Later,0,0,0,0,0
599,717,2016,0,Female,2008,Later,0,0,0,0,0
599,587,2017,0,Female,2008,Later,NA,0,0,0,0
600,896,2017,0.125,Female,2008,Later,NA,1,0,0,0
600,889,2014,0.0078125,Female,2008,Later,0,0,1,0,0
601,136,2011,0,Female,2008,Later,NA,0,1,0,0
602,599,2010,0.000549316,Male,2008,First,NA,0,1,0,0
603,860,2015,0,Male,2008,Later,0,0,0,0,0
603,605,2010,0.00201416,Male,2008,First,1,0,0,0,0
603,916,2016,0,Male,2008,Later,NA,0,0,0,0
603,488,2011,0.070617676,Male,2008,Later,0,1,2,0,0
603,752,2015,0.007843018,Male,2008,Later,0,0,0,0,0
604,838,2015,0,Female,2008,Later,1,0,0,0,0
604,507,2014,0,Female,2008,Later,0,0,0,0,0
604,921,2016,0,Female,2008,Later,NA,0,0,0,0
604,611,2011,0.025878906,Female,2008,First,0,0,2,0,0
605,1048,2011,6.103515625e-05,Female,2008,Later,0,0,3,0,0
605,751,2012,0.001953125,Female,2008,Later,NA,0,0,0,0
605,603,2010,0.00201416,Female,2008,First,1,0,5,0,0
606,775,2015,0.0078125,Male,2008,Later,NA,0,0,0,0
606,713,2010,0,Male,2008,First,0,0,0,0,0
607,815,2012,0,Male,NA,Later,NA,0,0,0,0
607,1049,2011,0,Male,NA,Later,0,0,0,0,0
607,456,2009,0,Male,NA,Later,0,0,0,0,0
608,601,2010,0.00012207,Male,2008,First,1,0,1,0,0
608,1050,2011,0,Male,2008,Later,NA,0,0,0,0
609,594,2012,0.015625,Male,2008,Later,NA,0,0,0,0
609,127,2010,0,Male,2008,First,0,0,1,0,0
610,592,2010,0,Female,2008,First,NA,0,1,0,0
611,604,2011,0.025878906,Male,2008,First,NA,0,0,0,0
612,853,2015,0.0625,Female,NA,Later,NA,1,0,0,0
612,577,2012,0,Female,NA,Later,1,0,0,0,0
612,757,2011,0,Female,NA,Later,0,0,0,0,0
612,152,2013,0,Female,NA,Later,0,0,0,0,0
612,827,2010,0,Female,NA,Later,1,0,0,0,0
613,504,2010,0,Female,NA,Later,0,0,1,0,0
613,827,2011,0,Female,NA,Later,NA,0,2,0,0
613,491,2010,0,Female,NA,First,1,0,0,0,0
614,529,2011,0,Male,1999,Later,NA,0,0,1,0
614,571,2009,0,Male,1999,Later,0,0,0,1,0
614,49,2001,0,Male,1999,Later,0,0,0,1,0
614,278,2000,0,Male,1999,First,0,0,0,1,0
615,585,2010,0,Female,NA,Later,NA,0,0,0,0
616,922,2017,0,Male,NA,Later,NA,0,0,0,0
616,617,2016,0,Male,NA,Later,0,0,0,0,0
617,616,2016,0,Female,NA,Later,NA,0,0,0,0
618,136,2005,0,Female,2000,Later,NA,0,0,0,0
619,753,2011,6.103515625e-05,Male,2009,First,NA,0,0,1,0
620,570,2011,0.03125,Male,2009,First,0,0,0,1,0
620,835,2014,0,Male,2009,Later,NA,0,0,1,0
620,731,2013,0,Male,2009,Later,0,0,0,1,0
621,518,2011,0.001266479,Female,2009,Later,NA,0,1,1,0
621,622,2011,0.0234375,Female,2009,First,1,0,3,1,0
622,1051,2014,0.000183105,Male,2009,Later,0,0,0,1,0
622,621,2011,0.0234375,Male,2009,First,0,0,1,1,0
622,149,2012,0,Male,2009,Later,0,0,0,1,0
622,861,2016,0,Male,2009,Later,NA,0,0,1,0
623,803,2013,0,Male,2009,Later,0,0,0,1,0
623,820,2013,0.03125,Male,2009,Later,1,0,0,1,0
623,816,2013,0,Male,2009,Later,0,0,0,1,0
623,727,2011,0,Male,2009,First,0,0,4,1,0
623,886,2015,0,Male,2009,Later,NA,0,0,1,0
624,625,2019,0,Male,2017,First,0,0,0,0,0
625,475,2020,0.000671387,Female,2017,Later,NA,0,2,0,0
625,624,2019,0,Female,2017,First,1,0,1,0,0
626,916,2019,0,Male,2017,First,NA,0,1,0,0
627,674,2019,0,Male,2017,First,1,0,0,0,0
627,823,2020,0.001594543,Male,2017,Later,NA,0,0,0,0
628,937,2019,0.001964569,Male,2017,First,NA,0,3,0,0
629,675,2019,0,Male,2017,First,NA,0,0,0,0
630,702,2021,0,Male,2017,Later,NA,0,0,0,0
630,744,2019,0,Male,2017,First,0,0,2,0,0
631,951,2019,0.003763199,Male,2017,First,NA,0,0,0,0
632,941,2019,0,Male,2017,First,1,0,3,0,0
632,980,2019,0,Male,2017,Later,NA,0,0,0,0
633,898,2020,2.38418579101562e-05,Male,2017,Later,NA,0,4,0,0
633,892,2019,3.814697265625e-05,Male,2017,First,0,0,0,0,0
634,643,2019,0,Female,2017,First,NA,0,2,0,0
635,896,2020,0,Female,2017,Later,NA,0,3,0,0
635,473,2019,0,Female,2017,First,0,0,4,0,0
636,973,2021,0,Male,2017,First,NA,0,0,0,0
637,898,2019,0.004728317,Male,2017,First,1,0,1,0,0
638,952,2019,0.001983643,Male,2017,First,0,0,1,0,0
639,665,2020,0.0390625,Female,2017,First,NA,0,0,0,0
640,655,2019,0,Male,2017,First,NA,0,5,0,0
641,924,2019,0,Female,NA,Later,NA,0,0,0,0
642,955,2019,0,Male,NA,First,NA,0,1,0,0
643,900,2018,0,Male,NA,First,1,0,3,0,0
643,634,2019,0,Male,NA,Later,NA,0,3,0,0
644,938,2019,0,Female,NA,First,NA,0,0,0,0
645,1052,2013,0,Male,2005,Later,0,0,0,1,0
645,414,2007,0,Male,2005,First,0,0,1,1,0
645,830,2014,0,Male,2005,Later,NA,0,0,1,0
646,749,2013,0,Female,2010,First,0,0,3,0,0
646,789,2014,0.000488281,Female,2010,Later,NA,0,0,0,0
647,929,2019,0,Female,NA,First,NA,0,0,0,0
648,885,2016,0,Male,2011,Later,NA,0,0,0,0
648,1053,2013,0,Male,2011,First,0,0,0,0,0
649,739,2016,0,Male,NA,Later,1,0,0,0,0
649,675,2019,0,Male,NA,Later,NA,0,1,0,0
649,723,2013,0,Male,NA,Later,0,0,0,0,0
650,725,2015,0.015625,Female,2011,Later,0,0,2,0,0
650,476,2014,0,Female,2011,Later,1,0,3,0,0
650,724,2013,0.015625,Female,2011,First,0,0,3,0,0
650,849,2016,0.125,Female,2011,Later,NA,1,0,0,0
651,914,2020,0,Female,2018,First,NA,0,3,0,0
652,703,2021,0,Male,2018,First,NA,0,5,0,0
653,973,2020,0,Male,2018,First,NA,0,4,0,0
654,668,2021,0.004817963,Male,2018,Later,NA,0,0,0,0
654,941,2020,0,Male,2018,First,0,0,0,0,0
655,640,2019,0,Female,2018,First,NA,0,0,0,0
656,659,2021,0.000567436,Male,2018,Later,NA,0,0,0,0
656,666,2020,0.047851563,Male,2018,First,0,0,0,0,0
657,672,2019,0,Male,2018,First,NA,0,2,0,0
658,679,2021,0.00028038,Male,2018,First,NA,0,0,0,0
659,656,2021,0.000567436,Female,2018,First,NA,0,5,0,0
660,695,2021,0,Male,2018,First,NA,0,2,0,0
661,638,2021,0.000976563,Female,2018,First,NA,0,1,0,0
662,952,2021,0,Male,2018,First,NA,0,1,0,0
663,676,2020,0,Male,2018,First,NA,0,0,0,0
664,952,2020,0.094848633,Male,2018,First,NA,1,1,0,0
665,639,2020,0.0390625,Male,2018,First,0,0,0,0,0
665,677,2021,8.10623168945312e-06,Male,2018,Later,NA,0,0,0,0
666,656,2020,0.047851563,Female,2018,First,NA,0,2,0,0
667,748,2019,0.004032135,Female,2018,First,NA,0,1,0,0
668,855,2021,0.032012939,Female,2018,Later,NA,0,3,0,0
669,977,2021,0,Female,2018,First,NA,0,7,0,0
670,830,2020,0,Male,2018,First,NA,0,0,0,0
671,877,2019,0,Female,NA,First,NA,0,0,0,0
672,927,2020,0,Female,NA,Later,0,0,1,0,0
672,821,2021,0,Female,NA,Later,NA,0,2,0,0
673,932,2021,0,Female,NA,Later,NA,0,0,0,0
674,627,2019,0,Female,NA,First,1,0,0,0,0
674,959,2021,0,Female,NA,Later,NA,0,5,0,0
674,793,2020,0,Female,NA,Later,0,0,1,0,0
675,649,2019,0,Female,NA,Later,NA,0,0,0,0
675,629,2019,0,Female,NA,First,1,0,0,0,0
676,663,2020,0,Female,NA,Later,0,0,0,0,0
676,982,2021,0,Female,NA,Later,NA,0,2,0,0
676,1054,2019,0,Female,NA,First,0,0,0,0,0
677,665,2021,8.10623168945312e-06,Female,2019,First,NA,0,4,0,0
678,681,2021,0.017159462,Male,2019,First,NA,0,0,0,0
679,658,2021,0.00028038,Female,2019,First,NA,0,2,0,0
680,783,2020,0.001224518,Female,2019,First,NA,0,0,0,0
681,678,2021,0.017159462,Female,2019,First,NA,0,1,0,0
682,624,2021,0.006875992,Female,2019,First,NA,0,2,0,0
683,978,2021,0.125,Male,2019,First,NA,1,3,0,0
684,1055,2021,0,Female,2019,First,NA,0,5,0,0
685,693,2021,0.002708435,Female,2019,First,NA,0,6,0,0
686,962,2021,0,Female,2019,First,NA,0,5,0,0
687,957,2021,0.000167847,Male,2019,First,NA,0,0,0,0
688,707,2021,0.000152588,Male,2019,First,NA,0,0,0,0
689,439,2020,0,Male,2019,First,NA,0,0,0,0
690,439,2021,0,Male,2019,First,NA,0,0,0,0
691,701,2021,0,Female,2019,First,NA,0,3,0,0
692,978,2012,0,Male,2010,Later,NA,0,0,0,0
692,747,2011,0.000259399,Male,2010,First,1,0,2,0,0
693,685,2021,0.002708435,Male,2019,First,NA,0,0,0,0
694,964,2021,0.000217438,Male,2019,First,NA,0,1,0,0
695,660,2021,0,Female,2019,First,NA,0,0,0,0
696,969,2020,0,Female,2019,First,NA,0,3,0,0
697,924,2020,0,Female,2019,First,NA,0,0,0,0
698,709,2021,0,Male,2019,First,NA,0,0,0,0
699,705,2021,0.000488281,Male,2019,First,NA,0,1,0,0
700,896,2020,4.05311584472656e-06,Female,2019,First,NA,0,0,0,0
701,691,2021,0,Male,2019,First,NA,0,3,0,0
702,630,2021,0,Female,2019,First,NA,0,0,0,0
703,652,2021,0,Female,2019,First,NA,0,12,0,0
704,960,2021,0.015625,Male,2019,First,NA,0,0,0,0
705,699,2021,0.000488281,Female,2019,First,NA,0,2,0,0
706,966,2021,0.000123024,Male,2019,First,NA,0,1,0,0
707,688,2021,0.000152588,Female,2019,First,NA,0,3,0,0
708,830,2021,0,Male,2019,First,NA,0,0,0,0
709,698,2021,0,Female,2019,First,NA,0,6,0,0
710,791,2013,0.004882813,Female,2010,Later,1,0,0,0,0
710,814,2014,0.01953125,Female,2010,Later,NA,0,1,0,0
711,748,2013,0.000152588,Female,2009,Later,NA,0,0,1,0
711,578,2011,0.00012207,Female,2009,First,0,0,7,1,0
712,754,2012,0.000457764,Male,2009,First,0,0,0,0,0
712,777,2014,0.03125,Male,2009,Later,NA,0,0,0,0
713,606,2010,0,Female,2009,First,NA,0,1,0,0
714,445,2012,0,Male,NA,First,0,0,1,0,0
714,568,2012,0,Male,NA,Later,NA,0,1,0,0
715,546,2010,0,Female,NA,First,NA,0,0,0,0
716,818,2011,0,Female,2009,First,NA,0,2,0,0
717,572,2011,0,Male,NA,Later,0,0,0,0,0
717,374,2015,0,Male,NA,Later,0,0,0,0,0
717,599,2016,0,Male,NA,Later,NA,0,1,0,0
718,557,2010,0,Female,NA,First,NA,0,1,0,0
719,553,2010,0,Female,NA,First,NA,0,0,0,0
720,752,2013,0.007873535,Male,2005,Later,NA,0,0,1,0
720,731,2012,0,Male,2005,Later,1,0,1,1,0
720,406,2008,0.03125,Male,2005,First,0,0,2,1,0
720,812,2013,0.01574707,Male,2005,Later,0,0,1,1,0
721,450,2005,0,Male,2002,Later,0,0,0,1,0
721,92,2003,0,Male,2002,First,0,0,0,1,0
721,148,2008,0.015625,Male,2002,Later,0,0,0,1,0
721,764,2012,0.004150391,Male,2002,Later,NA,0,0,1,0
722,136,2012,0,Female,2010,First,NA,0,11,0,0
723,649,2013,0,Female,2010,First,NA,0,0,0,0
724,582,2012,0,Male,2010,First,0,0,0,0,0
724,650,2013,0.015625,Male,2010,Later,NA,0,0,0,0
725,753,2012,6.103515625e-05,Male,2010,First,0,0,0,0,0
725,650,2015,0.015625,Male,2010,Later,NA,0,0,0,0
726,529,2012,0,Male,2010,Later,0,0,2,0,0
726,1056,2011,0,Male,2010,First,0,0,0,0,0
727,623,2011,0,Female,2010,First,NA,0,2,0,0
728,744,2016,0,Male,2010,Later,NA,0,2,0,0
728,772,2013,0.0703125,Male,2010,Later,0,1,0,0,0
728,840,2015,0,Male,2010,Later,0,0,0,0,0
729,817,2012,0.0703125,Male,2010,First,NA,1,1,0,0
730,751,2011,0.0625,Female,2010,First,NA,1,1,0,0
731,620,2013,0,Female,2010,Later,NA,0,1,0,0
731,720,2012,0,Female,2010,First,0,0,2,0,0
732,96,2012,0,Female,2010,First,1,0,3,0,0
732,814,2015,0.03125,Female,2010,Later,NA,0,2,0,0
733,881,2015,0,Male,2013,First,NA,0,1,0,0
734,1057,2017,0,Male,2013,Later,0,0,0,0,0
734,881,2016,0,Male,2013,First,0,0,2,0,0
734,953,2019,0,Male,2013,Later,NA,0,0,0,0
735,796,2016,0.000534058,Male,2013,First,NA,0,0,0,0
736,863,2016,0,Female,2013,First,NA,0,6,0,0
737,883,2015,0,Female,2013,First,NA,0,9,0,0
738,880,2015,0,Male,2013,First,NA,0,1,0,0
739,792,2014,0.000495911,Female,2010,First,0,0,0,0,0
739,910,2019,0,Female,2010,Later,NA,0,0,0,0
739,649,2016,0,Female,2010,Later,1,0,1,0,0
740,826,2013,0,Female,2010,First,1,0,4,0,0
740,943,2020,0,Female,2010,Later,NA,0,4,0,0
740,807,2014,0,Female,2010,Later,0,0,0,0,0
740,748,2015,0.00050354,Female,2010,Later,1,0,0,0,0
740,376,2019,0.00050354,Female,2010,Later,1,0,1,0,0
741,1058,2012,0,Female,2010,First,0,0,4,0,0
741,783,2013,0.000488281,Female,2010,Later,NA,0,1,0,0
742,599,2012,0.046875,Male,2010,First,NA,0,2,0,0
743,516,2014,0,Male,2010,Later,0,0,2,0,0
743,835,2013,0,Male,2010,Later,1,0,0,0,0
743,848,2015,0,Male,2010,Later,NA,0,0,0,0
743,583,2012,0,Male,2010,First,0,0,0,0,0
744,877,2018,0.0625,Female,2010,Later,1,1,0,0,0
744,630,2019,0,Female,2010,Later,NA,0,1,0,0
744,728,2016,0,Female,2010,Later,0,0,0,0,0
744,557,2014,0.125,Female,2010,First,0,1,0,0,0
745,497,2012,0,Male,2010,First,NA,0,1,0,0
746,546,2012,0.25,Female,2010,First,NA,1,0,0,1
747,692,2011,0.000259399,Female,2010,First,1,0,8,0,0
747,518,2012,0.000518799,Female,2010,Later,NA,0,2,0,0
748,667,2019,0.004032135,Male,2010,Later,NA,0,0,0,0
748,711,2013,0.000152588,Male,2010,Later,0,0,1,0,0
748,443,2014,0,Male,2010,Later,0,0,1,0,0
748,740,2015,0.00050354,Male,2010,Later,1,0,2,0,0
748,151,2012,0.062561035,Male,2010,First,0,1,1,0,0
749,568,2012,0,Male,2010,First,0,0,0,0,0
749,646,2013,0,Male,2010,Later,NA,0,0,0,0
750,815,2011,0,Male,2010,First,NA,0,2,0,0
751,605,2012,0.001953125,Male,2010,Later,NA,0,7,0,0
751,730,2011,0.0625,Male,2010,First,0,1,3,0,0
752,579,2012,6.103515625e-05,Female,2010,First,0,0,2,0,0
752,720,2013,0.007873535,Female,2010,Later,0,0,0,0,0
752,603,2015,0.007843018,Female,2010,Later,NA,0,0,0,0
753,725,2012,6.103515625e-05,Female,2010,Later,NA,0,2,0,0
753,619,2011,6.103515625e-05,Female,2010,First,0,0,2,0,0
754,712,2012,0.000457764,Female,2010,First,NA,0,1,0,0
755,918,2011,0,Female,2010,First,NA,0,0,0,0
756,146,2011,0,Male,2010,First,1,0,3,0,0
756,599,2011,0.000488281,Male,2010,Later,NA,0,3,0,0
757,612,2011,0,Male,2010,First,NA,0,0,0,0
758,768,2013,0.01171875,Male,2010,Later,NA,0,0,0,0
758,782,2013,0.001968384,Male,2010,First,0,0,1,0,0
759,490,2012,0.0078125,Female,2010,First,NA,0,0,0,0
760,1059,2015,0,Female,2011,Later,NA,0,0,0,0
761,1060,2011,0,Female,NA,First,NA,0,1,0,0
762,566,2012,0.0703125,Female,2010,First,NA,1,1,0,0
763,816,2012,0,Male,2010,First,NA,0,0,0,0
764,821,2015,0,Female,2010,Later,NA,0,3,0,0
764,721,2012,0.004150391,Female,2010,First,0,0,0,0,0
764,770,2014,0.00012207,Female,2010,Later,0,0,0,0,0
765,839,2013,0,Female,2010,Later,NA,0,0,0,0
765,16,2011,0,Female,2010,First,0,0,0,0,0
766,855,2018,0,Female,2010,Later,NA,0,0,0,0
767,577,2013,0,Female,2010,First,0,0,0,0,0
767,841,2015,0,Female,2010,Later,NA,0,0,0,0
768,758,2013,0.01171875,Female,2011,First,0,0,0,0,0
768,475,2015,0,Female,2011,Later,NA,0,3,0,0
769,817,2015,0.0703125,Male,2011,Later,NA,1,0,0,0
770,764,2014,0.00012207,Male,2011,Later,NA,0,2,0,0
770,777,2013,0.03125,Male,2011,First,1,0,0,0,0
771,375,2015,0.019012451,Male,2011,First,NA,0,3,0,0
772,728,2013,0.0703125,Female,2011,First,NA,1,0,0,0
773,396,2013,0,Male,2011,First,NA,0,1,0,0
774,553,2014,0,Female,2011,Later,0,0,2,0,0
774,801,2013,0,Female,2011,First,0,0,1,0,0
774,824,2015,0,Female,2011,Later,0,0,0,0,0
774,842,2018,0,Female,2011,Later,NA,0,1,0,0
774,780,2016,0,Female,2011,Later,0,0,0,0,0
775,794,2013,0,Female,2011,First,0,0,6,0,0
775,606,2015,0.0078125,Female,2011,Later,NA,0,1,0,0
776,1061,2004,0,Male,1999,Later,NA,0,2,1,0
776,277,2001,0,Male,1999,First,0,0,0,1,0
777,822,2018,6.4849853515625e-05,Female,2011,Later,NA,0,0,0,0
777,770,2013,0.03125,Female,2011,First,0,0,0,0,0
777,712,2014,0.03125,Female,2011,Later,0,0,2,0,0
778,981,2020,0,Male,2011,Later,NA,0,0,0,0
779,809,2013,0,Male,2011,First,NA,0,0,0,0
780,774,2016,0,Male,2011,First,NA,0,0,0,0
781,797,2013,0,Male,2011,First,0,0,0,0,0
781,913,2016,0,Male,2011,Later,0,0,2,0,0
781,843,2016,0,Male,2011,Later,0,0,0,0,0
781,835,2017,0,Male,2011,Later,NA,0,0,0,0
782,758,2013,0.001968384,Female,2011,First,NA,0,4,0,0
783,680,2020,0.001224518,Male,2011,Later,NA,0,0,0,0
783,741,2013,0.000488281,Male,2011,First,0,0,1,0,0
784,796,2014,0,Male,2011,First,NA,0,3,0,0
785,474,2019,0,Female,2011,Later,NA,0,0,0,0
785,799,2013,0,Female,2011,First,0,0,4,0,0
785,473,2018,0,Female,2011,Later,0,0,1,0,0
786,847,2017,0.00012207,Male,2011,First,NA,0,0,0,0
787,814,2013,0.015625,Female,2011,First,NA,0,3,0,0
788,819,2015,0,Female,2011,Later,0,0,0,0,0
788,479,2014,0.01663208,Female,2011,First,0,0,0,0,0
788,437,2018,0.062744141,Female,2011,Later,NA,1,0,0,0
789,438,2019,0.001953125,Male,2011,Later,NA,0,0,0,0
789,646,2014,0.000488281,Male,2011,First,0,0,0,0,0
790,1062,2013,0,Male,2011,First,NA,0,3,0,0
791,710,2013,0.004882813,Male,2011,First,0,0,0,0,0
792,739,2014,0.000495911,Male,2011,First,NA,0,1,0,0
793,375,2018,0.001464844,Male,2011,Later,0,0,0,0,0
793,147,2014,0,Male,2011,Later,0,0,2,0,0
793,831,2015,0,Male,2011,Later,0,0,0,0,0
793,604,2013,0,Male,2011,First,1,0,1,0,0
793,674,2020,0,Male,2011,Later,NA,0,0,0,0
794,775,2013,0,Male,2011,First,NA,0,4,0,0
795,949,2018,0,Female,2011,Later,NA,0,0,0,0
795,838,2017,0.0625,Female,2011,Later,0,1,0,0,0
796,784,2014,0,Female,2011,First,0,0,8,0,0
796,735,2016,0.000534058,Female,2011,Later,NA,0,0,0,0
797,781,2013,0,Female,2011,First,NA,0,1,0,0
798,834,2013,0,Male,2011,First,NA,0,3,0,0
799,785,2013,0,Male,2011,First,NA,0,0,0,0
800,828,2011,0,Female,NA,First,NA,0,0,0,0
801,774,2013,0,Male,2011,Later,NA,0,0,0,0
801,151,2013,0.031555176,Male,2011,First,0,0,1,0,0
802,553,2013,0.0078125,Female,2011,First,NA,0,2,0,0
803,623,2013,0,Female,2011,First,NA,0,3,0,0
804,873,2017,0,Male,2011,Later,0,0,0,0,0
804,968,2021,0,Male,2011,Later,NA,0,0,0,0
805,825,2014,0,Female,2011,First,NA,0,2,0,0
806,760,2013,0.00012207,Male,2011,First,NA,0,2,0,0
807,740,2014,0,Male,2011,First,NA,0,2,0,0
808,478,2013,0,Male,2011,First,NA,0,1,0,0
809,842,2016,0,Female,2011,Later,NA,0,0,0,0
809,779,2013,0,Female,2011,First,0,0,10,0,0
810,121,2007,0,Female,2002,Later,0,0,0,1,0
810,424,2004,0,Female,2002,First,0,0,3,1,0
810,889,2012,0,Female,2002,Later,NA,0,0,1,0
810,113,2009,0,Female,2002,Later,0,0,0,1,0
810,471,2008,0,Female,2002,Later,0,0,0,1,0
811,908,2017,0,Female,NA,Later,NA,0,0,0,0
812,720,2013,0.01574707,Female,NA,Later,NA,0,0,0,0
813,581,2012,0,Female,NA,First,NA,0,0,0,0
814,532,2009,0.1875,Male,2004,Later,0,1,0,1,0
814,787,2013,0.015625,Male,2004,Later,0,0,0,1,0
814,710,2014,0.01953125,Male,2004,Later,0,0,0,1,0
814,850,2014,0.0078125,Male,2004,Later,0,0,0,1,0
814,459,2006,0.125,Male,2004,Later,0,1,0,1,0
814,732,2015,0.03125,Male,2004,Later,NA,0,0,1,0
814,1063,2006,0,Male,2004,First,1,0,0,1,0
815,607,2012,0,Female,NA,Later,NA,0,0,0,0
816,623,2013,0,Female,NA,Later,NA,0,1,0,0
817,1064,2013,0.0703125,Female,NA,Later,0,1,0,0,0
817,769,2015,0.0703125,Female,NA,Later,NA,1,1,0,0
818,716,2011,0,Male,2006,First,0,0,0,0,0
818,926,2018,0.0625,Male,2006,Later,NA,1,0,0,0
819,1065,2013,0,Male,NA,Later,1,0,0,0,0
819,788,2015,0,Male,NA,Later,NA,0,0,0,0
819,1066,2013,0,Male,NA,Later,0,0,0,0,0
820,838,2016,0,Female,2012,Later,NA,0,0,0,0
820,623,2013,0.03125,Female,2012,First,1,0,1,0,0
820,1067,2015,0,Female,2012,Later,0,0,1,0,0
821,922,2019,0,Male,2012,Later,0,0,0,0,0
821,911,2018,0,Male,2012,Later,0,0,0,0,0
821,764,2015,0,Male,2012,First,0,0,0,0,0
821,832,2016,0,Male,2012,Later,0,0,1,0,0
821,861,2017,0,Male,2012,Later,0,0,0,0,0
821,672,2021,0,Male,2012,Later,NA,0,0,0,0
822,833,2015,0,Male,2012,First,0,0,0,0,0
822,777,2018,6.4849853515625e-05,Male,2012,Later,NA,0,0,0,0
823,871,2016,0.065311432,Female,2012,Later,0,1,0,0,0
823,627,2020,0.001594543,Female,2012,Later,NA,0,3,0,0
823,1068,2013,0,Female,2012,First,0,0,2,0,0
824,774,2015,0,Male,2012,First,NA,0,1,0,0
825,937,2021,0.016601563,Male,2012,Later,NA,0,0,0,0
825,805,2014,0,Male,2012,First,0,0,0,0,0
826,1069,2014,0,Male,2005,Later,NA,0,1,0,0
826,517,2009,0.015625,Male,2005,First,0,0,0,0,0
826,588,2010,0,Male,2005,Later,1,0,0,0,0
826,740,2013,0,Male,2005,Later,1,0,1,0,0
827,612,2010,0,Male,2006,Later,1,0,4,1,0
827,941,2019,0,Male,2006,Later,NA,0,0,1,0
827,613,2011,0,Male,2006,Later,0,0,3,1,0
827,872,2016,0.00390625,Male,2006,Later,0,0,0,1,0
827,1070,2008,0,Male,2006,First,0,0,0,1,0
828,800,2011,0,Male,2004,Later,0,0,0,1,0
828,51,2009,0.0625,Male,2004,Later,0,1,0,1,0
828,344,2006,0,Male,2004,First,0,0,1,1,0
828,858,2016,0,Male,2004,Later,NA,0,0,1,0
828,454,2007,0.03125,Male,2004,Later,0,0,0,1,0
829,443,2007,0,Male,2005,First,NA,0,0,1,0
830,670,2020,0,Female,NA,Later,0,0,0,0,0
830,708,2021,0,Female,NA,Later,NA,0,0,0,0
830,1071,2018,0,Female,NA,Later,0,0,0,0,0
830,645,2014,0,Female,NA,First,0,0,0,0,0
831,793,2015,0,Female,2012,First,NA,0,0,0,0
832,821,2016,0,Female,2012,Later,NA,0,0,0,0
833,822,2015,0,Female,2012,Later,NA,0,0,0,0
834,476,2015,0,Female,NA,Later,NA,0,0,0,0
834,569,2014,0,Female,NA,Later,0,0,0,0,0
834,1072,2013,0.015625,Female,NA,Later,0,0,0,0,0
835,781,2017,0,Female,NA,Later,0,0,0,0,0
835,743,2013,0,Female,NA,First,1,0,1,0,0
835,620,2014,0,Female,NA,Later,0,0,0,0,0
835,841,2018,0,Female,NA,Later,NA,0,0,0,0
836,726,2014,0,Female,NA,First,0,0,1,0,0
836,869,2016,0,Female,NA,Later,NA,0,0,0,0
837,900,2019,0,Male,2013,Later,NA,0,0,0,0
837,944,2018,0,Male,2013,Later,0,0,0,0,0
837,945,2017,0,Male,2013,First,0,0,1,0,0
838,604,2015,0,Male,2013,First,0,0,0,0,0
838,820,2016,0,Male,2013,Later,0,0,1,0,0
838,795,2017,0.0625,Male,2013,Later,NA,1,2,0,0
839,765,2013,0,Male,NA,First,NA,0,0,0,0
840,728,2015,0,Female,2013,First,NA,0,5,0,0
841,767,2015,0,Male,2013,First,0,0,0,0,0
841,835,2018,0,Male,2013,Later,NA,0,1,0,0
841,897,2017,0,Male,2013,Later,1,0,0,0,0
842,809,2016,0,Male,2013,First,0,0,1,0,0
842,774,2018,0,Male,2013,Later,NA,0,0,0,0
843,781,2016,0,Female,2013,First,NA,0,2,0,0
844,555,2016,0,Female,2013,First,0,0,6,0,0
845,566,2015,0,Female,2013,First,NA,0,7,0,0
846,876,2016,0.008804321,Female,2013,First,NA,0,0,0,0
847,786,2017,0.00012207,Female,2013,Later,NA,0,0,0,0
847,96,2015,0.000244141,Female,2013,First,0,0,2,0,0
848,743,2015,0,Female,2013,First,NA,0,0,0,0
849,497,2014,0,Male,2013,First,1,0,3,0,0
849,650,2016,0.125,Male,2013,Later,NA,1,2,0,0
850,814,2014,0.0078125,Female,2013,First,NA,0,0,0,0
851,855,2015,0.000793457,Female,2013,First,NA,0,6,0,0
852,477,2015,0,Male,2013,First,NA,0,7,0,0
853,864,2016,0,Male,2013,Later,NA,0,0,0,0
854,497,2016,0.0625,Male,2013,Later,NA,1,0,0,0
855,766,2018,0,Male,2013,Later,0,0,0,0,0
855,375,2017,0.000610352,Male,2013,Later,1,0,0,0,0
855,851,2015,0.000793457,Male,2013,First,0,0,0,0,0
855,668,2021,0.032012939,Male,2013,Later,NA,0,0,0,0
856,472,2015,0.000320435,Male,2013,First,NA,0,5,0,0
857,567,2017,0.00390625,Male,2014,First,NA,0,0,0,0
858,828,2016,0,Female,2014,First,NA,0,0,0,0
859,641,2016,0,Male,NA,Later,NA,0,0,0,0
860,603,2015,0,Female,2014,First,NA,0,6,0,0
861,622,2016,0,Female,NA,First,0,0,2,0,0
861,821,2017,0,Female,NA,Later,NA,0,0,0,0
862,976,2016,0,Male,NA,Later,NA,0,0,0,0
863,736,2016,0,Male,2014,First,NA,0,1,0,0
864,853,2016,0,Female,2014,First,NA,0,11,0,0
865,905,2017,0.002929688,Female,2014,First,NA,0,1,0,0
866,914,2017,0,Female,2014,First,NA,0,0,0,0
867,878,2016,0.046890259,Female,2014,First,NA,0,5,0,0
868,136,2016,0,Female,2014,First,NA,0,2,0,0
869,836,2016,0,Male,2014,First,NA,0,0,0,0
870,907,2017,0.00038147,Female,2014,First,0,0,1,0,0
870,475,2018,0.000762939,Female,2014,Later,NA,0,3,0,0
871,823,2016,0.065311432,Male,2014,First,NA,1,0,0,0
872,901,2018,0.07276535,Female,2014,Later,NA,1,2,0,0
872,827,2016,0.00390625,Female,2014,First,1,0,0,0,0
873,804,2017,0,Female,2014,First,NA,0,0,0,0
874,1073,2019,0.000152588,Male,2014,First,NA,0,0,0,0
875,888,2017,0,Female,2014,First,NA,0,1,0,0
876,846,2016,0.008804321,Male,2014,First,0,0,1,0,0
876,1074,2018,0,Male,2014,Later,NA,0,0,0,0
877,744,2018,0.0625,Male,2014,Later,1,1,1,0,0
877,497,2016,0,Male,2014,First,0,0,1,0,0
877,671,2019,0,Male,2014,Later,NA,0,0,0,0
878,844,2018,0.002075195,Male,2014,Later,NA,0,0,0,0
878,915,2017,0,Male,2014,Later,0,0,0,0,0
878,867,2016,0.046890259,Male,2014,First,0,0,2,0,0
879,906,2017,0.001018524,Female,2014,First,NA,0,2,0,0
880,738,2015,0,Female,NA,First,NA,0,1,0,0
881,733,2015,0,Female,NA,First,0,0,2,0,0
881,734,2016,0,Female,NA,Later,NA,0,1,0,0
882,493,2005,0,Male,2002,First,0,0,1,1,0
882,492,2008,0.25,Male,2002,Later,NA,1,0,1,1
883,920,2016,0,Male,NA,Later,NA,0,0,0,0
883,737,2015,0,Male,NA,First,0,0,0,0,0
884,473,2016,0,Female,NA,First,1,0,1,0,0
884,905,2018,0,Female,NA,Later,NA,0,1,0,0
885,648,2016,0,Female,NA,First,NA,0,1,0,0
886,623,2015,0,Female,NA,First,NA,0,0,0,0
887,888,2016,0,Female,NA,First,NA,0,0,0,0
888,875,2017,0,Male,NA,Later,1,0,0,0,0
888,887,2016,0,Male,NA,First,0,0,0,0,0
888,950,2018,0,Male,NA,Later,NA,0,0,0,0
889,600,2014,0.0078125,Male,2005,Later,NA,0,0,1,0
889,810,2012,0,Male,2005,First,0,0,0,1,0
890,518,2013,0,Female,NA,First,NA,0,0,0,0
891,892,2017,0,Male,2015,First,NA,0,0,0,0
892,562,2018,0,Female,2015,Later,0,0,1,0,0
892,633,2019,3.814697265625e-05,Female,2015,Later,NA,0,0,0,0
892,891,2017,0,Female,2015,First,0,0,5,0,0
893,956,2019,3.69548797607422e-05,Male,2015,First,NA,0,0,0,0
894,478,2017,0,Male,2015,First,NA,0,0,0,0
895,925,2017,0,Female,2015,First,NA,0,7,0,0
896,635,2020,0,Male,2015,Later,0,0,0,0,0
896,600,2017,0.125,Male,2015,First,0,1,0,0,0
896,1075,2021,0,Male,2015,Later,NA,0,0,0,0
896,700,2020,4.05311584472656e-06,Male,2015,Later,0,0,0,0,0
897,935,2019,0,Female,2015,Later,NA,0,0,0,0
897,841,2017,0,Female,2015,Later,1,0,2,0,0
897,1076,2016,0,Female,2015,First,0,0,0,0,0
898,633,2020,2.38418579101562e-05,Female,2015,Later,NA,0,0,0,0
898,939,2017,0.001750946,Female,2015,First,0,0,8,0,0
899,902,2017,3.0517578125e-05,Female,2015,First,NA,0,4,0,0
900,643,2018,0,Female,2015,First,1,0,4,0,0
900,837,2019,0,Female,2015,Later,NA,0,2,0,0
901,1077,2017,0,Male,2015,First,1,0,3,0,0
901,872,2018,0.07276535,Male,2015,Later,NA,1,0,0,0
902,899,2017,3.0517578125e-05,Male,2015,First,NA,0,0,0,0
903,909,2017,0.0625,Female,2015,First,NA,1,4,0,0
904,934,2017,0.092285156,Male,2015,First,NA,1,0,0,0
905,865,2017,0.002929688,Male,2015,First,0,0,0,0,0
905,884,2018,0,Male,2015,Later,NA,0,0,0,0
906,879,2017,0.001018524,Male,2015,First,NA,0,3,0,0
907,870,2017,0.00038147,Male,2015,First,NA,0,2,0,0
908,811,2017,0,Male,2015,First,NA,0,0,0,0
909,903,2017,0.0625,Male,2015,First,NA,1,1,0,0
910,739,2019,0,Male,2015,First,NA,0,0,0,0
911,936,2017,0,Female,2015,First,0,0,0,0,0
911,821,2018,0,Female,2015,Later,NA,0,1,0,0
912,441,2018,0,Female,NA,First,NA,0,0,0,0
913,781,2016,0,Female,NA,First,NA,0,0,0,0
914,970,2021,0,Male,NA,Later,NA,0,0,0,0
914,651,2020,0,Male,NA,Later,0,0,0,0,0
914,866,2017,0,Male,NA,First,0,0,2,0,0
915,878,2017,0,Female,NA,First,NA,0,2,0,0
916,927,2021,0,Female,NA,Later,NA,0,0,0,0
916,626,2019,0,Female,NA,Later,0,0,0,0,0
916,603,2016,0,Female,NA,First,0,0,0,0,0
917,588,2013,0.015625,Male,2010,First,NA,0,1,0,0
918,755,2011,0,Male,2006,First,0,0,0,0,0
918,941,2017,0.1328125,Male,2006,Later,NA,1,0,0,0
919,562,2017,0,Female,NA,First,NA,0,0,0,0
920,883,2016,0,Female,NA,First,NA,0,0,0,0
921,604,2016,0,Male,NA,First,0,0,0,0,0
921,946,2017,0,Male,NA,Later,NA,0,0,0,0
922,821,2019,0,Female,NA,Later,NA,0,1,0,0
922,930,2018,0,Female,NA,Later,0,0,0,0,0
922,616,2017,0,Female,NA,Later,0,0,1,0,0
923,927,2018,0.000252247,Female,2016,First,NA,0,3,0,0
924,697,2020,0,Male,2016,Later,NA,0,0,0,0
924,641,2019,0,Male,2016,First,0,0,4,0,0
925,1078,2021,0,Male,2016,Later,NA,0,0,0,0
925,895,2017,0,Male,2016,First,0,0,2,0,0
926,818,2018,0.0625,Female,2016,First,NA,1,1,0,0
927,672,2020,0,Male,2016,Later,0,0,0,0,0
927,916,2021,0,Male,2016,Later,NA,0,1,0,0
928,592,2018,0,Female,2016,First,0,0,0,0,0
928,967,2021,0.125061035,Female,2016,Later,NA,1,0,0,0
929,647,2019,0,Male,2016,First,NA,0,0,0,0
930,922,2018,0,Male,2016,First,NA,0,0,0,0
931,947,2019,0.003929138,Male,2016,First,NA,0,0,0,0
932,948,2019,6.4849853515625e-05,Male,2016,First,0,0,0,0,0
932,673,2021,0,Male,2016,Later,NA,0,0,0,0
933,1079,2021,0,Male,2016,First,NA,0,3,0,0
934,904,2017,0.092285156,Female,2016,First,0,1,0,0,0
934,943,2018,0,Female,2016,Later,NA,0,0,0,0
935,953,2020,0.007873535,Male,2016,Later,NA,0,0,0,0
935,897,2019,0,Male,2016,First,0,0,2,0,0
936,911,2017,0,Male,2016,First,NA,0,0,0,0
937,628,2019,0.001964569,Female,2016,First,0,0,3,0,0
938,644,2019,0,Male,2016,First,NA,0,0,0,0
939,898,2017,0.001750946,Male,2016,First,NA,0,0,0,0
940,567,2019,0.125564575,Male,2016,First,NA,1,0,0,0
941,918,2017,0.1328125,Female,2016,First,0,1,0,0,0
941,654,2020,0,Female,2016,Later,NA,0,0,0,0
941,827,2019,0,Female,2016,Later,0,0,5,0,0
941,632,2019,0,Female,2016,Later,1,0,2,0,0
942,497,2018,0.1328125,Male,2016,First,NA,1,1,0,0
943,965,2021,0,Male,2016,Later,NA,0,0,0,0
943,934,2018,0,Male,2016,First,0,0,1,0,0
943,740,2020,0,Male,2016,Later,0,0,0,0,0
944,837,2018,0,Female,2016,First,NA,0,8,0,0
945,837,2017,0,Female,2016,First,NA,0,3,0,0
946,921,2017,0,Female,2016,First,NA,0,2,0,0
947,931,2019,0.003929138,Female,2016,First,NA,0,0,0,0
948,932,2019,6.4849853515625e-05,Female,2016,First,NA,0,4,0,0
949,976,2021,0,Male,2016,Later,NA,0,0,0,0
949,795,2018,0,Male,2016,First,0,0,2,0,0
950,888,2018,0,Female,NA,First,NA,0,3,0,0
951,631,2019,0.003763199,Female,2017,First,NA,0,4,0,0
952,664,2020,0.094848633,Female,2017,Later,0,1,8,0,0
952,638,2019,0.001983643,Female,2017,First,1,0,4,0,0
952,662,2021,0,Female,2017,Later,NA,0,0,0,0
953,734,2019,0,Female,2017,First,0,0,2,0,0
953,935,2020,0.007873535,Female,2017,Later,NA,0,2,0,0
954,956,2019,3.69548797607422e-05,Male,2017,First,NA,0,0,0,0
955,642,2019,0,Female,2017,First,NA,0,8,0,0
956,893,2019,3.69548797607422e-05,Female,2017,First,1,0,2,0,0
956,954,2019,3.69548797607422e-05,Female,2017,Later,NA,0,0,0,0
957,687,2021,0.000167847,Female,2019,First,NA,0,0,0,0
958,974,2021,0,Male,2019,First,NA,0,1,0,0
959,674,2021,0,Male,2019,First,NA,0,0,0,0
960,704,2021,0.015625,Female,2019,First,NA,0,4,0,0
961,567,2021,0,Male,2019,First,NA,0,1,0,0
962,686,2021,0,Male,2019,First,NA,0,1,0,0
963,1080,2021,0,Male,2019,First,NA,0,13,0,0
964,694,2021,0.000217438,Female,2019,First,NA,0,7,0,0
965,943,2021,0,Female,2019,First,NA,0,0,0,0
966,706,2021,0.000123024,Female,2019,First,NA,0,1,0,0
967,928,2021,0.125061035,Male,2019,First,NA,1,1,0,0
968,804,2021,0,Female,2019,First,NA,0,2,0,0
969,696,2020,0,Male,NA,First,NA,0,1,0,0
970,914,2021,0,Female,2019,First,NA,0,10,0,0
971,972,2021,0,Male,2019,First,NA,0,1,0,0
972,971,2021,0,Female,2019,First,NA,0,1,0,0
973,636,2021,0,Female,NA,Later,NA,0,2,0,0
973,653,2020,0,Female,NA,First,0,0,0,0,0
974,958,2021,0,Female,2019,First,NA,0,1,0,0
975,440,2020,0,Female,NA,First,NA,0,0,0,0
976,862,2016,0,Female,2011,First,0,0,0,0,0
976,949,2021,0,Female,2011,Later,NA,0,2,0,0
977,669,2021,0,Male,NA,First,NA,0,1,0,0
978,683,2021,0.125,Female,NA,Later,NA,1,0,0,0
979,769,2013,0,Female,NA,First,NA,0,1,0,0
980,632,2019,0,Female,NA,First,NA,0,2,0,0
981,778,2020,0,Female,NA,First,NA,0,1,0,0
982,676,2021,0,Male,NA,Later,NA,0,0,0,0
983,250,1997,0,Female,1994,Later,NA,0,0,0,0