TotalDistLaterPairing,FirstYrBred,FitnessTotal,YrLastObs,BreedingLifespan,Sex,DistFirstPairing,NatalYear,WtCoeff,MateSwitch,FocalInd
0,1994,7,2000,7,Female,0,1992,0,1,1
0,1994,3,1999,6,Female,0,1992,0,NA,2
0,1994,2,1997,4,Female,0,1992,0,1,4
0,1994,0,1994,1,Female,0,1992,0,NA,5
0,1994,1,1995,2,Female,2,1992,0,NA,6
0,1994,0,1998,5,Male,0,1992,0,1,7
0,1999,7,2008,10,Male,2,1997,0,1,14
0,1999,3,2003,5,Female,0,1997,0,NA,15
0,2000,9,2012,13,Male,3,1997,0,1,16
0,1999,0,2001,3,Male,3,1997,0.004150391,1,17
0,1999,0,2000,2,Male,2,1997,0,NA,18
3,1999,0,2002,4,Female,2,1997,0.00201416,1,19
0,1999,2,2002,4,Male,3,1997,0,1,20
0,1990,0,1991,2,Male,0,1988,0,NA,30
0,1991,2,1993,3,Female,0,1988,0,NA,31
0,1990,4,1995,6,Male,2,1988,0.01171875,1,32
0,1990,1,1992,3,Male,0,1988,0,1,33
0,1990,1,1991,2,Male,0,1988,0,NA,34
2,1990,3,1996,7,Male,4,1988,0,1,35
0,1990,6,1993,4,Male,0,1988,0,NA,36
0,1991,0,1992,2,Male,2,1988,0.000488281,NA,37
0,1990,2,1992,3,Female,6,1988,0,NA,38
0,1990,0,1990,1,Female,6,1988,0.001953125,NA,39
0,1990,0,1992,3,Male,1,1988,0,NA,40
0,1991,4,1993,3,Female,6,1988,0,1,41
0,1990,0,1992,3,Male,2,1988,0,1,42
0,1990,0,1991,2,Female,0,1988,0,NA,43
0,2000,0,2000,1,Male,5,1998,0,NA,44
0,2000,0,2000,1,Male,6,1998,0,NA,45
0,2001,0,2001,1,Male,1,1998,0,NA,46
0,1999,0,1999,1,Male,1,1998,0,NA,47
0,2001,1,2002,2,Male,0,1998,0,1,48
0,2001,8,2008,8,Female,0,1998,0,NA,49
0,2001,0,2001,1,Female,5,1998,0,NA,50
1,2001,13,2011,11,Female,2,1998,0.011363636,1,51
0,2000,0,2000,1,Male,1,1998,0,NA,52
0,2000,8,2005,6,Male,1,1998,0,1,53
0,1993,4,1999,7,Female,0,1990,0.062360491,1,54
0,1991,5,1998,8,Male,0,1988,0,1,57
0,1992,0,1993,2,Female,6,1988,0,1,58
0,1990,0,1992,3,Female,2,1988,0,1,59
0,1990,0,1990,1,Male,2,1988,0,NA,64
0,1990,0,1992,3,Female,0,1988,0,NA,65
0,1990,1,1990,1,Male,0,1988,0,NA,66
0,1991,0,1992,2,Male,0,1989,0.25,NA,73
0,1991,0,1991,1,Male,1,1989,0,NA,74
0,1990,0,1990,1,Male,2,1989,0.001953125,NA,75
0,1991,3,1994,4,Male,5,1989,0,NA,76
1,1992,3,1995,4,Female,0,1989,0,1,77
0,1993,5,1996,4,Male,0,1990,0,1,86
0,1994,0,1994,1,Male,1,1990,0,NA,87
2,1992,14,1998,7,Male,1,1990,0.008928571,1,88
0,1994,1,1999,6,Male,0,1990,0,NA,89
0,2004,3,2006,3,Male,5,2002,0,NA,93
0,2005,9,2014,10,Male,0,2002,0.000390625,1,94
0,2003,0,2006,4,Male,2,2002,0,1,95
0,2004,18,2016,13,Male,4,2002,3.75600961538462e-05,1,96
0,2005,2,2008,4,Male,2,2002,0,NA,97
0,2006,0,2006,1,Male,3,2002,0.03125,NA,98
0,2004,8,2014,11,Male,1,2002,0,1,100
0,2004,8,2010,7,Female,0,2002,0,1,101
0,2005,4,2009,5,Female,3,2002,0,NA,102
0,2005,2,2006,2,Female,0,2002,0.1328125,1,103
0,2004,0,2004,1,Male,4,2002,0,NA,104
0,2005,0,2007,3,Female,0,2002,0.005208333,1,105
0,2004,8,2009,6,Male,2,2002,0,NA,106
0,2004,2,2006,3,Female,4,2002,0,NA,107
0,2004,1,2006,3,Male,0,2002,0.083333333,1,108
0,2004,0,2004,1,Male,0,2002,0,NA,111
0,2004,1,2006,3,Male,0,2002,0,NA,112
0,2004,0,2004,1,Male,2,2002,0,NA,115
0,2004,1,2005,2,Male,3,2002,0,NA,116
0,2008,3,2011,4,Male,0,2002,0,1,118
0,2004,2,2005,2,Female,4,2002,0,NA,119
0,2004,0,2005,2,Female,7,2002,0,NA,120
1,2004,2,2007,4,Male,0,2002,0,1,121
0,2004,3,2007,4,Female,2,2002,0.0625,1,122
0,2004,6,2011,8,Male,0,2002,0,1,123
0,2004,0,2006,3,Male,0,2002,0,NA,124
0,2004,10,2008,5,Male,0,2002,0,1,125
0,2007,2,2011,5,Male,0,2002,0,NA,126
0,1999,1,2002,4,Male,1,1996,0.002197266,1,128
2,2000,7,2007,8,Male,0,1996,0,1,129
0,1999,3,2006,8,Female,5,1996,0,NA,130
1,2005,8,2013,9,Male,0,2003,0,1,137
0,2005,2,2006,2,Male,0,2003,0,NA,138
0,2005,2,2006,2,Male,1,2003,0,1,139
1,2006,3,2009,4,Male,0,2003,0,1,141
1,2005,1,2008,4,Male,4,2003,0.0078125,1,142
0,2005,1,2007,3,Male,2,2003,0.0625,NA,143
1,2006,0,2009,4,Male,1,2003,0.0078125,1,144
0,2006,0,2017,12,Female,6,2003,0,NA,145
1,2008,1,2013,6,Female,0,2003,0,1,146
6,2005,0,2014,10,Female,3,2003,0.015942383,1,147
1,2005,3,2011,7,Female,1,2003,0.008928571,1,148
0,2005,3,2013,9,Female,0,2003,0,NA,149
0,2006,10,2016,11,Male,0,2003,0,1,150
3,2006,7,2013,8,Female,0,2003,0.011764526,1,151
0,2000,8,2010,11,Female,4,1998,0,NA,167
0,1993,4,1999,7,Male,1,1990,0,1,212
0,1992,1,1994,3,Male,3,1990,0,1,214
0,1992,12,2003,12,Male,7,1990,0,1,215
0,1993,3,1997,5,Male,0,1990,0,1,219
0,1993,1,1994,2,Male,1,1991,0,1,228
0,1993,0,1995,3,Female,2,1991,0,NA,229
0,1993,0,1993,1,Female,3,1991,0,NA,230
0,1993,0,1995,3,Female,5,1991,0,1,231
0,1993,4,1996,4,Female,0,1991,0,NA,232
0,1995,0,1996,2,Male,2,1993,0,NA,243
0,1995,3,1997,3,Female,3,1993,0,NA,244
0,1998,16,2005,8,Male,1,1993,0.000366211,1,245
0,1995,9,2004,10,Male,2,1993,0,1,246
0,1994,0,1994,1,Male,0,1993,0,NA,247
0,1995,3,1997,3,Male,3,1993,0,NA,248
0,1997,0,1998,2,Male,3,1993,0,NA,250
2,1996,10,2007,12,Male,4,1993,0,1,251
0,1995,2,2002,8,Female,0,1993,0,NA,252
0,1995,0,1997,3,Male,0,1993,0,NA,253
0,1995,0,1995,1,Male,1,1993,0,NA,254
0,1995,1,2001,7,Male,0,1993,0.063616071,1,255
0,1995,0,1998,4,Female,5,1993,0,NA,256
0,1995,8,2003,9,Male,1,1993,0,1,257
0,1996,3,2003,8,Female,3,1993,0,NA,258
0,1995,8,2002,8,Male,3,1993,0.001953125,1,259
0,1996,1,1997,2,Male,0,1993,0,NA,260
0,1995,3,1997,3,Female,1,1993,0,NA,261
0,1995,9,2001,7,Female,1,1993,0,NA,262
0,1996,2,1998,3,Female,0,1993,0,NA,263
0,1996,0,1997,2,Female,4,1993,0,NA,265
3,1995,1,2000,6,Female,1,1993,0,1,266
0,1994,0,1995,2,Female,3,1993,0,NA,267
0,1995,8,2000,6,Male,5,1993,0,1,268
0,1995,1,1996,2,Male,5,1993,0,NA,269
0,1995,15,2005,11,Female,2,1993,0,1,270
0,1995,0,1995,1,Female,3,1993,0,NA,271
0,1995,9,2006,12,Male,0,1993,0,1,272
0,1997,8,2004,8,Male,0,1993,0,1,274
0,1995,11,2002,8,Male,1,1993,0,NA,275
0,1996,3,2001,6,Female,2,1994,0,NA,282
0,1995,5,2000,6,Male,3,1994,0,NA,283
0,1996,1,1998,3,Male,3,1994,0,NA,284
0,1996,4,2003,8,Male,0,1994,0,NA,285
0,1996,9,2007,12,Male,0,1994,0,1,286
0,1996,0,1997,2,Male,0,1994,0,NA,287
0,1997,8,2006,10,Female,0,1994,0.025,1,288
0,1995,0,1998,4,Male,2,1994,0,NA,290
0,1996,4,2001,6,Male,2,1994,0,NA,291
0,1996,1,1996,1,Female,0,1994,0,NA,292
0,1997,0,2004,8,Male,0,1994,0,NA,296
0,2000,2,2003,4,Male,1,1994,0,NA,297
0,1996,0,1998,3,Male,3,1995,0,NA,313
0,1997,4,2003,7,Male,1,1995,0.006696429,1,314
0,1997,1,1998,2,Male,1,1995,0,NA,315
0,1997,0,1998,2,Male,2,1995,0,1,316
0,1997,1,1998,2,Male,0,1995,0,NA,317
4,1997,1,2000,4,Male,0,1995,0,1,318
0,1997,0,1998,2,Female,2,1995,0,NA,320
0,1999,0,2000,2,Male,0,1995,0,NA,321
0,1998,0,1998,1,Female,0,1995,0,NA,323
0,1997,5,2001,5,Female,2,1995,0,NA,324
0,1999,0,2002,4,Male,0,1996,0,NA,339
0,1997,0,1997,1,Male,0,1996,0,NA,340
4,1998,7,2007,10,Female,7,1996,0,1,342
0,1999,0,1999,1,Male,0,1996,0,NA,343
0,1998,9,2006,9,Female,3,1996,0,1,344
0,1998,0,1999,2,Female,11,1996,0,NA,345
0,1998,0,1999,2,Male,0,1996,0,NA,346
0,1999,2,2000,2,Male,2,1996,0,NA,347
0,1998,2,2001,4,Female,0,1996,0,NA,348
1,1997,2,2000,4,Female,2,1996,0.015625,1,349
1,1998,11,2007,10,Female,0,1996,0.0265625,1,350
0,1998,11,2002,5,Female,2,1996,0,NA,351
2,1998,0,2001,4,Female,9,1996,0,1,352
0,1998,0,1998,1,Male,1,1996,0.024902344,NA,353
0,1999,2,2000,2,Male,0,1996,0,NA,354
0,1999,6,2005,7,Female,0,1996,0,1,355
0,1999,0,1999,1,Male,0,1996,0.008056641,NA,356
0,1998,0,1998,1,Male,2,1996,0,NA,357
5,1998,0,1999,2,Female,2,1996,0.012451172,1,358
0,1998,0,1999,2,Male,8,1996,0,NA,359
0,1999,1,2002,4,Female,4,1996,0.002197266,1,360
0,2000,6,2004,5,Male,0,1996,0,1,362
0,1998,0,1998,1,Female,8,1996,0,NA,363
0,1998,4,2001,4,Male,2,1996,0,NA,365
2,1999,2,2000,2,Female,3,1996,0,1,366
0,1998,0,2001,4,Male,3,1996,0,NA,368
0,2001,10,2008,8,Male,0,1999,0,NA,377
0,2001,4,2004,4,Female,2,1999,0,1,378
0,2002,2,2002,1,Female,2,1999,0,NA,379
0,2002,9,2008,7,Female,1,1999,0,1,380
2,2002,0,2003,2,Female,4,1999,0,1,382
0,2002,1,2008,7,Male,0,1999,0,NA,383
0,2001,0,2001,1,Female,0,1999,0.063476563,NA,384
1,2002,4,2006,5,Male,0,1999,0,1,386
0,2002,4,2006,5,Male,0,1999,0,1,387
0,2002,2,2003,2,Female,0,1999,0,1,388
0,2002,0,2002,1,Female,2,1999,0.0078125,NA,389
0,1995,4,2001,7,Male,0,1993,0,1,390
0,2002,9,2012,11,Female,0,1999,0.039772727,1,391
0,2002,0,2008,7,Female,0,1999,0,NA,393
0,2002,5,2005,4,Male,0,2000,0,NA,400
0,2002,0,2002,1,Male,0,2000,0,NA,401
0,2002,2,2004,3,Male,0,2000,0,NA,404
0,2002,0,2005,4,Male,1,2000,0.001953125,NA,405
0,2002,6,2011,10,Female,3,2000,0.01328125,1,406
0,2002,0,2002,1,Male,4,2000,0,NA,407
0,2003,3,2006,4,Female,0,2000,0,NA,408
0,2002,2,2003,2,Male,1,2000,0,1,409
0,2002,5,2011,10,Male,0,2000,0.00234375,1,411
0,2003,5,2005,3,Female,0,2000,0.000976563,NA,412
0,2002,0,2005,4,Male,5,2000,0,1,413
0,2002,0,2005,4,Female,3,1999,0,NA,415
0,2002,0,2002,1,Male,0,2000,0,NA,416
0,2003,5,2006,4,Male,1,2001,0,1,424
0,2004,4,2009,6,Female,2,2001,0,NA,425
0,2003,4,2007,5,Male,0,2001,0,1,426
0,2002,0,2002,1,Male,1,2001,0,NA,427
0,2003,3,2003,1,Male,1,2001,0,NA,428
0,2003,1,2003,1,Male,4,2001,0,NA,429
0,2003,1,2008,6,Male,0,2001,0,1,431
0,2002,1,2004,3,Male,1,2001,0,NA,432
1,2003,4,2006,4,Female,0,2001,0,1,433
0,2003,1,2008,6,Male,0,2001,0,NA,434
0,2002,0,2002,1,Male,1,2001,0.00390625,NA,435
0,2003,0,2003,1,Male,3,2001,0,NA,436
0,2007,0,2010,4,Female,0,2004,0.0625,NA,452
0,2006,0,2008,3,Male,0,2004,0.171875,1,453
0,2007,1,2008,2,Female,0,2004,0.03125,NA,454
0,2006,2,2009,4,Male,0,2004,0.0234375,1,455
4,2006,1,2010,5,Female,2,2004,0.003125,1,456
1,2008,2,2011,4,Male,0,2004,0,1,457
0,2007,0,2010,4,Male,0,2004,0,NA,458
0,2006,2,2008,3,Female,0,2004,0.041666667,NA,459
0,2006,3,2013,8,Male,0,2004,0.0703125,1,460
0,2006,0,2006,1,Male,0,2004,0,NA,461
0,2006,2,2007,2,Female,0,2004,0,NA,462
0,2006,3,2008,3,Male,2,2004,0,1,463
0,2006,2,2008,3,Male,0,2004,0,NA,464
0,2006,3,2012,7,Female,1,2004,0.000244141,NA,465
0,2006,2,2007,2,Male,2,2004,0.015686035,1,466
0,2006,0,2006,1,Male,2,2004,0,NA,467
0,2006,1,2010,5,Female,0,2004,0.00625,1,468
0,2006,2,2009,4,Female,5,2004,0.03125,1,469
0,2008,0,2008,1,Male,1,2004,0,NA,470
0,2008,0,2008,1,Male,3,2004,0,NA,471
0,2007,4,2014,8,Male,0,2004,0.002422333,1,479
0,2007,0,2007,1,Male,2,2004,0,NA,483
0,2007,0,2008,2,Male,0,2004,0.125366211,1,484
0,2006,1,2006,1,Male,0,2004,0,NA,485
0,2007,0,2012,6,Male,0,2004,0.046875,1,486
0,2006,0,2010,5,Male,3,2004,0.031738281,NA,487
0,2007,6,2014,8,Female,0,2004,0.076400757,1,488
0,2006,0,2006,1,Male,0,2004,0.000244141,NA,489
3,2006,5,2012,7,Male,0,2004,0.001116071,1,490
0,2006,6,2016,11,Male,2,2004,0.000155362,1,491
0,2008,0,2017,10,Female,0,2004,0.15,1,492
0,2007,0,2008,2,Male,0,2005,0,NA,498
0,2008,0,2009,2,Male,0,2005,0,NA,499
10,2007,1,2008,2,Female,13,2005,0.019546509,1,500
0,2007,1,2009,3,Female,0,2005,0,1,501
0,2007,11,2016,10,Female,3,2005,0,NA,503
0,2008,1,2010,3,Male,1,2005,0,1,504
0,2007,0,2008,2,Male,4,2005,0,NA,508
0,2007,0,2007,1,Male,0,2005,0,NA,509
0,2008,3,2013,6,Male,0,2005,0.009765625,1,510
0,2007,0,2007,1,Female,2,2005,0,NA,511
0,2008,0,2008,1,Male,1,2005,0.0390625,NA,512
2,2007,1,2010,4,Male,1,2005,0.097808838,1,513
0,2008,2,2009,2,Male,0,2005,0,NA,515
3,2007,4,2014,8,Female,0,2005,0.00390625,1,516
0,2009,0,2009,1,Female,0,2005,0.015625,NA,517
0,2008,6,2018,11,Male,0,2005,0.000209462,1,518
0,2008,1,2010,3,Female,0,2005,0,1,523
0,2008,0,2008,1,Male,2,2005,0,NA,524
0,2007,0,2007,1,Male,1,2005,0.007843018,NA,525
0,2008,0,2008,1,Female,0,2005,0,NA,526
0,2008,7,2011,4,Female,6,2006,0,NA,531
0,2009,5,2012,4,Female,0,2006,0.1875,NA,532
0,2008,1,2008,1,Male,1,2006,0.03125,NA,533
0,2008,2,2012,5,Female,3,2006,0.0078125,NA,535
0,2009,0,2009,1,Male,0,2006,0.000732422,NA,537
0,2008,0,2010,3,Female,0,2006,0,NA,538
0,2009,0,2012,4,Male,0,2006,0,NA,539
0,2010,1,2010,1,Male,3,2006,0,NA,541
0,2008,0,2008,1,Male,0,2006,0,NA,542
0,2010,6,2014,5,Female,2,2006,0,NA,543
2,2008,4,2015,8,Male,1,2006,0.007476807,1,544
0,2010,0,2011,2,Female,2,2006,0,NA,545
0,2010,3,2013,4,Male,0,2006,0.0625,1,546
0,2010,0,2011,2,Female,0,2006,0,NA,547
0,2008,0,2008,1,Female,3,2006,0,NA,548
0,2008,0,2008,1,Female,0,2006,0,NA,549
0,2012,4,2013,2,Female,0,2006,0,NA,552
0,2009,7,2014,6,Male,1,2006,0.001302083,1,553
0,2010,1,2013,4,Female,0,2006,0.140625,NA,554
0,2008,0,2016,9,Male,0,2006,0,1,555
0,2009,0,2009,1,Male,1,2006,0,NA,556
0,2002,3,2007,6,Female,0,1999,0,1,558
0,2007,0,2008,2,Female,0,2005,0.039123535,NA,563
0,2000,8,2011,12,Male,0,1999,0,1,614
0,2011,0,2011,1,Male,0,2009,6.103515625e-05,NA,619
0,2011,2,2016,6,Male,0,2009,0.010416667,1,620
1,2011,0,2012,2,Female,3,2009,0.01235199,1,621
0,2011,3,2016,6,Male,1,2009,0.003967285,1,622
0,2011,0,2019,9,Male,4,2009,0.003472222,1,623
0,2007,16,2017,11,Male,1,2005,0,1,645
0,2011,1,2013,3,Female,7,2009,0.000132243,1,711
2,2008,2,2013,6,Male,2,2005,0.024770101,1,720
0,2003,7,2013,11,Male,0,2002,0.006436435,1,721
2,2001,12,2011,11,Male,0,1999,0,1,776
0,2004,12,2013,10,Female,3,2002,0,1,810
0,2006,7,2017,12,Male,0,2004,0.081705729,1,814
7,2008,5,2019,12,Male,0,2006,0.000976563,1,827
0,2006,7,2016,11,Male,1,2004,0.017045455,1,828
0,2007,4,2013,7,Male,0,2005,0,NA,829
0,2005,0,2014,10,Male,1,2002,0.15,1,882
0,2012,7,2016,5,Male,0,2005,0.00625,1,889