FocalInd,Dist,numMateSwitch,Sex,ExitAge,EntryAge,Dead,TerrLost,NatalYear
1,0,2,Female,1,0,0,0,1992
1,0,2,Female,2,1,0,0,1992
1,0,2,Female,3,2,0,0,1992
1,0,2,Female,4,3,0,0,1992
1,0,2,Female,5,4,0,0,1992
1,0,2,Female,6,5,0,0,1992
1,0,2,Female,7,6,1,0,1992
2,0,0,Female,1,0,0,0,1992
2,0,0,Female,2,1,0,0,1992
2,0,0,Female,3,2,0,0,1992
2,0,0,Female,4,3,0,0,1992
2,0,0,Female,5,4,0,0,1992
2,0,0,Female,6,5,1,0,1992
4,0,2,Female,1,0,0,0,1992
4,0,2,Female,2,1,0,0,1992
4,0,2,Female,3,2,0,0,1992
4,0,2,Female,4,3,1,0,1992
5,0,0,Female,1,0,1,0,1992
6,2,0,Female,1,0,0,1,1992
6,2,0,Female,2,1,1,0,1992
7,0,1,Male,1,0,0,0,1992
7,0,1,Male,2,1,0,0,1992
7,0,1,Male,3,2,0,0,1992
7,0,1,Male,4,3,0,0,1992
7,0,1,Male,5,4,1,0,1992
14,2,1,Male,1,0,0,1,1997
14,2,1,Male,2,1,0,0,1997
14,2,1,Male,3,2,0,0,1997
14,2,1,Male,4,3,0,0,1997
14,2,1,Male,5,4,0,0,1997
14,2,1,Male,6,5,0,0,1997
14,2,1,Male,7,6,0,0,1997
14,2,1,Male,8,7,0,0,1997
14,2,1,Male,9,8,0,0,1997
14,2,1,Male,10,9,1,0,1997
15,0,0,Female,1,0,0,0,1997
15,0,0,Female,2,1,0,0,1997
15,0,0,Female,3,2,0,0,1997
15,0,0,Female,4,3,0,0,1997
15,0,0,Female,5,4,1,0,1997
16,3,1,Male,1,0,0,1,1997
16,3,1,Male,2,1,0,0,1997
16,3,1,Male,3,2,0,0,1997
16,3,1,Male,4,3,0,0,1997
16,3,1,Male,5,4,0,0,1997
16,3,1,Male,6,5,0,0,1997
16,3,1,Male,7,6,0,0,1997
16,3,1,Male,8,7,0,0,1997
16,3,1,Male,9,8,0,0,1997
16,3,1,Male,10,9,0,0,1997
16,3,1,Male,11,10,0,0,1997
16,3,1,Male,12,11,0,0,1997
16,3,1,Male,13,12,1,0,1997
17,3,2,Male,1,0,0,1,1997
17,3,2,Male,2,1,0,0,1997
17,3,2,Male,3,2,1,0,1997
18,2,0,Male,1,0,0,1,1997
18,2,0,Male,2,1,1,0,1997
19,2,3,Female,1,0,0,1,1997
19,2,3,Female,2,1,0,1,1997
19,2,3,Female,3,2,0,1,1997
19,2,3,Female,4,3,1,0,1997
20,3,1,Male,1,0,0,1,1997
20,3,1,Male,2,1,0,0,1997
20,3,1,Male,3,2,0,0,1997
20,3,1,Male,4,3,1,0,1997
30,0,0,Male,1,0,0,0,1988
30,0,0,Male,2,1,1,0,1988
31,0,0,Female,1,0,0,0,1988
31,0,0,Female,2,1,0,0,1988
31,0,0,Female,3,2,1,0,1988
32,2,1,Male,1,0,0,1,1988
32,2,1,Male,2,1,0,0,1988
32,2,1,Male,3,2,0,0,1988
32,2,1,Male,4,3,0,0,1988
32,2,1,Male,5,4,0,0,1988
32,2,1,Male,6,5,1,0,1988
33,0,1,Male,1,0,0,0,1988
33,0,1,Male,2,1,0,0,1988
33,0,1,Male,3,2,1,0,1988
34,0,0,Male,1,0,0,0,1988
34,0,0,Male,2,1,1,0,1988
35,4,1,Male,1,0,0,1,1988
35,4,1,Male,2,1,0,1,1988
35,4,1,Male,3,2,0,0,1988
35,4,1,Male,4,3,0,0,1988
35,4,1,Male,5,4,0,0,1988
35,4,1,Male,6,5,0,0,1988
35,4,1,Male,7,6,1,0,1988
36,0,0,Male,1,0,0,0,1988
36,0,0,Male,2,1,0,0,1988
36,0,0,Male,3,2,0,0,1988
36,0,0,Male,4,3,1,0,1988
37,2,0,Male,1,0,0,1,1988
37,2,0,Male,2,1,1,0,1988
38,6,0,Female,1,0,0,1,1988
38,6,0,Female,2,1,0,0,1988
38,6,0,Female,3,2,1,0,1988
39,6,0,Female,1,0,1,1,1988
40,1,0,Male,1,0,0,1,1988
40,1,0,Male,2,1,0,0,1988
40,1,0,Male,3,2,1,0,1988
41,6,2,Female,1,0,0,1,1988
41,6,2,Female,2,1,0,0,1988
41,6,2,Female,3,2,1,0,1988
42,2,1,Male,1,0,0,1,1988
42,2,1,Male,2,1,0,0,1988
42,2,1,Male,3,2,1,0,1988
43,0,0,Female,1,0,0,0,1988
43,0,0,Female,2,1,1,0,1988
44,5,0,Male,1,0,1,1,1998
45,6,0,Male,1,0,1,1,1998
46,1,0,Male,1,0,1,1,1998
47,1,0,Male,1,0,1,1,1998
48,0,1,Male,1,0,0,0,1998
48,0,1,Male,2,1,1,0,1998
49,0,0,Female,1,0,0,0,1998
49,0,0,Female,2,1,0,0,1998
49,0,0,Female,3,2,0,0,1998
49,0,0,Female,4,3,0,0,1998
49,0,0,Female,5,4,0,0,1998
49,0,0,Female,6,5,0,0,1998
49,0,0,Female,7,6,0,0,1998
49,0,0,Female,8,7,1,0,1998
50,5,0,Female,1,0,1,1,1998
51,2,2,Female,1,0,0,1,1998
51,2,2,Female,2,1,0,0,1998
51,2,2,Female,3,2,0,0,1998
51,2,2,Female,4,3,0,0,1998
51,2,2,Female,5,4,0,0,1998
51,2,2,Female,6,5,0,0,1998
51,2,2,Female,7,6,0,0,1998
51,2,2,Female,8,7,0,0,1998
51,2,2,Female,9,8,0,0,1998
51,2,2,Female,10,9,0,0,1998
51,2,2,Female,11,10,1,1,1998
52,1,0,Male,1,0,1,1,1998
53,1,1,Male,1,0,0,1,1998
53,1,1,Male,2,1,0,0,1998
53,1,1,Male,3,2,0,0,1998
53,1,1,Male,4,3,0,0,1998
53,1,1,Male,5,4,0,0,1998
53,1,1,Male,6,5,1,0,1998
54,0,1,Female,1,0,0,0,1990
54,0,1,Female,2,1,0,0,1990
54,0,1,Female,3,2,0,0,1990
54,0,1,Female,4,3,0,0,1990
54,0,1,Female,5,4,0,0,1990
54,0,1,Female,6,5,0,0,1990
54,0,1,Female,7,6,1,0,1990
57,0,1,Male,1,0,0,0,1988
57,0,1,Male,2,1,0,0,1988
57,0,1,Male,3,2,0,0,1988
57,0,1,Male,4,3,0,0,1988
57,0,1,Male,5,4,0,0,1988
57,0,1,Male,6,5,0,0,1988
57,0,1,Male,7,6,0,0,1988
57,0,1,Male,8,7,1,0,1988
58,6,1,Female,1,0,0,1,1988
58,6,1,Female,2,1,1,0,1988
59,2,2,Female,1,0,0,1,1988
59,2,2,Female,2,1,0,0,1988
59,2,2,Female,3,2,1,0,1988
64,2,0,Male,1,0,1,1,1988
65,0,0,Female,1,0,0,0,1988
65,0,0,Female,2,1,0,0,1988
65,0,0,Female,3,2,1,0,1988
66,0,0,Male,1,0,1,0,1988
73,0,0,Male,1,0,0,0,1989
73,0,0,Male,2,1,1,0,1989
74,1,0,Male,1,0,1,1,1989
75,2,0,Male,1,0,1,1,1989
76,5,0,Male,1,0,0,1,1989
76,5,0,Male,2,1,0,0,1989
76,5,0,Male,3,2,0,0,1989
76,5,0,Male,4,3,1,0,1989
77,0,1,Female,1,0,0,0,1989
77,0,1,Female,2,1,0,1,1989
77,0,1,Female,3,2,0,0,1989
77,0,1,Female,4,3,1,0,1989
86,0,1,Male,1,0,0,0,1990
86,0,1,Male,2,1,0,0,1990
86,0,1,Male,3,2,0,0,1990
86,0,1,Male,4,3,1,0,1990
87,1,0,Male,1,0,1,1,1990
88,1,2,Male,1,0,0,1,1990
88,1,2,Male,2,1,0,0,1990
88,1,2,Male,3,2,0,0,1990
88,1,2,Male,4,3,0,0,1990
88,1,2,Male,5,4,0,1,1990
88,1,2,Male,6,5,0,0,1990
88,1,2,Male,7,6,1,0,1990
89,0,0,Male,1,0,0,0,1990
89,0,0,Male,2,1,0,0,1990
89,0,0,Male,3,2,0,0,1990
89,0,0,Male,4,3,0,0,1990
89,0,0,Male,5,4,0,0,1990
89,0,0,Male,6,5,1,0,1990
93,5,0,Male,1,0,0,1,2002
93,5,0,Male,2,1,0,0,2002
93,5,0,Male,3,2,1,0,2002
94,0,2,Male,1,0,0,0,2002
94,0,2,Male,2,1,0,0,2002
94,0,2,Male,3,2,0,0,2002
94,0,2,Male,4,3,0,0,2002
94,0,2,Male,5,4,0,0,2002
94,0,2,Male,6,5,0,0,2002
94,0,2,Male,7,6,0,0,2002
94,0,2,Male,8,7,0,0,2002
94,0,2,Male,9,8,0,0,2002
94,0,2,Male,10,9,1,0,2002
95,2,1,Male,1,0,0,1,2002
95,2,1,Male,2,1,0,0,2002
95,2,1,Male,3,2,0,0,2002
95,2,1,Male,4,3,1,0,2002
96,4,6,Male,1,0,0,1,2002
96,4,6,Male,2,1,0,0,2002
96,4,6,Male,3,2,0,0,2002
96,4,6,Male,4,3,0,0,2002
96,4,6,Male,5,4,0,0,2002
96,4,6,Male,6,5,0,0,2002
96,4,6,Male,7,6,0,0,2002
96,4,6,Male,8,7,0,0,2002
96,4,6,Male,9,8,0,0,2002
96,4,6,Male,10,9,0,0,2002
96,4,6,Male,11,10,0,0,2002
96,4,6,Male,12,11,0,0,2002
96,4,6,Male,13,12,1,0,2002
97,2,0,Male,1,0,0,1,2002
97,2,0,Male,2,1,0,0,2002
97,2,0,Male,3,2,0,0,2002
97,2,0,Male,4,3,1,0,2002
98,3,0,Male,1,0,1,1,2002
100,1,1,Male,1,0,0,1,2002
100,1,1,Male,2,1,0,0,2002
100,1,1,Male,3,2,0,0,2002
100,1,1,Male,4,3,0,0,2002
100,1,1,Male,5,4,0,0,2002
100,1,1,Male,6,5,0,0,2002
100,1,1,Male,7,6,0,0,2002
100,1,1,Male,8,7,0,0,2002
100,1,1,Male,9,8,0,0,2002
100,1,1,Male,10,9,0,0,2002
100,1,1,Male,11,10,1,0,2002
101,0,1,Female,1,0,0,0,2002
101,0,1,Female,2,1,0,0,2002
101,0,1,Female,3,2,0,0,2002
101,0,1,Female,4,3,0,0,2002
101,0,1,Female,5,4,0,0,2002
101,0,1,Female,6,5,0,0,2002
101,0,1,Female,7,6,1,0,2002
102,3,0,Female,1,0,0,1,2002
102,3,0,Female,2,1,0,0,2002
102,3,0,Female,3,2,0,0,2002
102,3,0,Female,4,3,0,0,2002
102,3,0,Female,5,4,1,0,2002
103,0,1,Female,1,0,0,0,2002
103,0,1,Female,2,1,1,0,2002
104,4,0,Male,1,0,1,1,2002
105,0,2,Female,1,0,0,0,2002
105,0,2,Female,2,1,0,0,2002
105,0,2,Female,3,2,1,0,2002
106,2,0,Male,1,0,0,1,2002
106,2,0,Male,2,1,0,0,2002
106,2,0,Male,3,2,0,0,2002
106,2,0,Male,4,3,0,0,2002
106,2,0,Male,5,4,0,0,2002
106,2,0,Male,6,5,1,0,2002
107,4,0,Female,1,0,0,1,2002
107,4,0,Female,2,1,0,0,2002
107,4,0,Female,3,2,1,0,2002
108,0,1,Male,1,0,0,0,2002
108,0,1,Male,2,1,0,0,2002
108,0,1,Male,3,2,1,0,2002
111,0,0,Male,1,0,1,0,2002
112,0,0,Male,1,0,0,0,2002
112,0,0,Male,2,1,0,0,2002
112,0,0,Male,3,2,1,0,2002
115,2,0,Male,1,0,1,1,2002
116,3,0,Male,1,0,0,1,2002
116,3,0,Male,2,1,1,0,2002
118,0,1,Male,1,0,0,0,2002
118,0,1,Male,2,1,0,0,2002
118,0,1,Male,3,2,0,0,2002
118,0,1,Male,4,3,1,0,2002
119,4,0,Female,1,0,0,1,2002
119,4,0,Female,2,1,1,0,2002
120,7,0,Female,1,0,0,1,2002
120,7,0,Female,2,1,1,0,2002
121,0,2,Male,1,0,0,0,2002
121,0,2,Male,2,1,0,0,2002
121,0,2,Male,3,2,0,0,2002
121,0,2,Male,4,3,1,1,2002
122,2,1,Female,1,0,0,1,2002
122,2,1,Female,2,1,0,0,2002
122,2,1,Female,3,2,0,0,2002
122,2,1,Female,4,3,1,0,2002
123,0,1,Male,1,0,0,0,2002
123,0,1,Male,2,1,0,0,2002
123,0,1,Male,3,2,0,0,2002
123,0,1,Male,4,3,0,0,2002
123,0,1,Male,5,4,0,0,2002
123,0,1,Male,6,5,0,0,2002
123,0,1,Male,7,6,0,0,2002
123,0,1,Male,8,7,1,0,2002
124,0,0,Male,1,0,0,0,2002
124,0,0,Male,2,1,0,0,2002
124,0,0,Male,3,2,1,0,2002
125,0,1,Male,1,0,0,0,2002
125,0,1,Male,2,1,0,0,2002
125,0,1,Male,3,2,0,0,2002
125,0,1,Male,4,3,0,0,2002
125,0,1,Male,5,4,1,0,2002
126,0,0,Male,1,0,0,0,2002
126,0,0,Male,2,1,0,0,2002
126,0,0,Male,3,2,0,0,2002
126,0,0,Male,4,3,0,0,2002
126,0,0,Male,5,4,1,0,2002
128,1,1,Male,1,0,0,1,1996
128,1,1,Male,2,1,0,0,1996
128,1,1,Male,3,2,0,0,1996
128,1,1,Male,4,3,1,0,1996
129,0,1,Male,1,0,0,0,1996
129,0,1,Male,2,1,0,1,1996
129,0,1,Male,3,2,0,0,1996
129,0,1,Male,4,3,0,0,1996
129,0,1,Male,5,4,0,0,1996
129,0,1,Male,6,5,0,0,1996
129,0,1,Male,7,6,0,0,1996
129,0,1,Male,8,7,1,0,1996
130,5,0,Female,1,0,0,1,1996
130,5,0,Female,2,1,0,0,1996
130,5,0,Female,3,2,0,0,1996
130,5,0,Female,4,3,0,0,1996
130,5,0,Female,5,4,0,0,1996
130,5,0,Female,6,5,0,0,1996
130,5,0,Female,7,6,0,0,1996
130,5,0,Female,8,7,1,0,1996
137,0,1,Male,1,0,0,0,2003
137,0,1,Male,2,1,0,0,2003
137,0,1,Male,3,2,0,0,2003
137,0,1,Male,4,3,0,0,2003
137,0,1,Male,5,4,0,0,2003
137,0,1,Male,6,5,0,0,2003
137,0,1,Male,7,6,0,1,2003
137,0,1,Male,8,7,0,0,2003
137,0,1,Male,9,8,1,0,2003
138,0,0,Male,1,0,0,0,2003
138,0,0,Male,2,1,1,0,2003
139,1,1,Male,1,0,0,1,2003
139,1,1,Male,2,1,1,0,2003
141,0,1,Male,1,0,0,0,2003
141,0,1,Male,2,1,0,0,2003
141,0,1,Male,3,2,0,1,2003
141,0,1,Male,4,3,1,0,2003
142,4,2,Male,1,0,0,1,2003
142,4,2,Male,2,1,0,1,2003
142,4,2,Male,3,2,0,0,2003
142,4,2,Male,4,3,1,0,2003
143,2,0,Male,1,0,0,1,2003
143,2,0,Male,2,1,0,0,2003
143,2,0,Male,3,2,1,0,2003
144,1,2,Male,1,0,0,1,2003
144,1,2,Male,2,1,0,0,2003
144,1,2,Male,3,2,0,1,2003
144,1,2,Male,4,3,1,0,2003
145,6,0,Female,1,0,0,1,2003
145,6,0,Female,2,1,0,0,2003
145,6,0,Female,3,2,0,0,2003
145,6,0,Female,4,3,0,0,2003
145,6,0,Female,5,4,0,0,2003
145,6,0,Female,6,5,0,0,2003
145,6,0,Female,7,6,0,0,2003
145,6,0,Female,8,7,0,0,2003
145,6,0,Female,9,8,0,0,2003
145,6,0,Female,10,9,0,0,2003
145,6,0,Female,11,10,0,0,2003
145,6,0,Female,12,11,1,0,2003
146,0,4,Female,1,0,0,0,2003
146,0,4,Female,2,1,0,0,2003
146,0,4,Female,3,2,0,0,2003
146,0,4,Female,4,3,0,1,2003
146,0,4,Female,5,4,0,0,2003
146,0,4,Female,6,5,1,0,2003
147,3,3,Female,1,0,0,1,2003
147,3,3,Female,2,1,0,1,2003
147,3,3,Female,3,2,0,0,2003
147,3,3,Female,4,3,0,0,2003
147,3,3,Female,5,4,0,0,2003
147,3,3,Female,6,5,0,0,2003
147,3,3,Female,7,6,0,1,2003
147,3,3,Female,8,7,0,0,2003
147,3,3,Female,9,8,0,0,2003
147,3,3,Female,10,9,1,0,2003
148,1,1,Female,1,0,0,1,2003
148,1,1,Female,2,1,0,0,2003
148,1,1,Female,3,2,0,0,2003
148,1,1,Female,4,3,0,1,2003
148,1,1,Female,5,4,0,0,2003
148,1,1,Female,6,5,0,0,2003
148,1,1,Female,7,6,1,0,2003
149,0,0,Female,1,0,0,0,2003
149,0,0,Female,2,1,0,0,2003
149,0,0,Female,3,2,0,0,2003
149,0,0,Female,4,3,0,0,2003
149,0,0,Female,5,4,0,0,2003
149,0,0,Female,6,5,0,0,2003
149,0,0,Female,7,6,0,0,2003
149,0,0,Female,8,7,0,0,2003
149,0,0,Female,9,8,1,0,2003
150,0,2,Male,1,0,0,0,2003
150,0,2,Male,2,1,0,0,2003
150,0,2,Male,3,2,0,0,2003
150,0,2,Male,4,3,0,0,2003
150,0,2,Male,5,4,0,0,2003
150,0,2,Male,6,5,0,0,2003
150,0,2,Male,7,6,0,0,2003
150,0,2,Male,8,7,0,0,2003
150,0,2,Male,9,8,0,0,2003
150,0,2,Male,10,9,0,0,2003
150,0,2,Male,11,10,1,0,2003
151,0,2,Female,1,0,0,0,2003
151,0,2,Female,2,1,0,0,2003
151,0,2,Female,3,2,0,0,2003
151,0,2,Female,4,3,0,0,2003
151,0,2,Female,5,4,0,0,2003
151,0,2,Female,6,5,0,0,2003
151,0,2,Female,7,6,0,0,2003
151,0,2,Female,8,7,1,1,2003
167,4,0,Female,1,0,0,1,1998
167,4,0,Female,2,1,0,0,1998
167,4,0,Female,3,2,0,0,1998
167,4,0,Female,4,3,0,0,1998
167,4,0,Female,5,4,0,0,1998
167,4,0,Female,6,5,0,0,1998
167,4,0,Female,7,6,0,0,1998
167,4,0,Female,8,7,0,0,1998
167,4,0,Female,9,8,0,0,1998
167,4,0,Female,10,9,0,0,1998
167,4,0,Female,11,10,1,0,1998
212,1,3,Male,1,0,0,1,1990
212,1,3,Male,2,1,0,0,1990
212,1,3,Male,3,2,0,0,1990
212,1,3,Male,4,3,0,0,1990
212,1,3,Male,5,4,0,0,1990
212,1,3,Male,6,5,0,0,1990
212,1,3,Male,7,6,1,0,1990
214,3,1,Male,1,0,0,1,1990
214,3,1,Male,2,1,0,0,1990
214,3,1,Male,3,2,1,0,1990
215,7,4,Male,1,0,0,1,1990
215,7,4,Male,2,1,0,0,1990
215,7,4,Male,3,2,0,0,1990
215,7,4,Male,4,3,0,0,1990
215,7,4,Male,5,4,0,0,1990
215,7,4,Male,6,5,0,0,1990
215,7,4,Male,7,6,0,0,1990
215,7,4,Male,8,7,0,0,1990
215,7,4,Male,9,8,0,0,1990
215,7,4,Male,10,9,0,0,1990
215,7,4,Male,11,10,0,0,1990
215,7,4,Male,12,11,1,0,1990
219,0,1,Male,1,0,0,0,1990
219,0,1,Male,2,1,0,0,1990
219,0,1,Male,3,2,0,0,1990
219,0,1,Male,4,3,0,0,1990
219,0,1,Male,5,4,1,0,1990
228,1,1,Male,1,0,0,1,1991
228,1,1,Male,2,1,1,0,1991
229,2,0,Female,1,0,0,1,1991
229,2,0,Female,2,1,0,0,1991
229,2,0,Female,3,2,1,0,1991
230,3,0,Female,1,0,1,1,1991
231,5,1,Female,1,0,0,1,1991
231,5,1,Female,2,1,0,0,1991
231,5,1,Female,3,2,1,0,1991
232,0,0,Female,1,0,0,0,1991
232,0,0,Female,2,1,0,0,1991
232,0,0,Female,3,2,0,0,1991
232,0,0,Female,4,3,1,0,1991
243,2,0,Male,1,0,0,1,1993
243,2,0,Male,2,1,1,0,1993
244,3,0,Female,1,0,0,1,1993
244,3,0,Female,2,1,0,0,1993
244,3,0,Female,3,2,1,0,1993
245,1,1,Male,1,0,0,1,1993
245,1,1,Male,2,1,0,0,1993
245,1,1,Male,3,2,0,0,1993
245,1,1,Male,4,3,0,0,1993
245,1,1,Male,5,4,0,0,1993
245,1,1,Male,6,5,0,0,1993
245,1,1,Male,7,6,0,0,1993
245,1,1,Male,8,7,1,0,1993
246,2,3,Male,1,0,0,1,1993
246,2,3,Male,2,1,0,0,1993
246,2,3,Male,3,2,0,0,1993
246,2,3,Male,4,3,0,0,1993
246,2,3,Male,5,4,0,0,1993
246,2,3,Male,6,5,0,0,1993
246,2,3,Male,7,6,0,0,1993
246,2,3,Male,8,7,0,0,1993
246,2,3,Male,9,8,0,0,1993
246,2,3,Male,10,9,1,0,1993
247,0,0,Male,1,0,1,0,1993
248,3,0,Male,1,0,0,1,1993
248,3,0,Male,2,1,0,0,1993
248,3,0,Male,3,2,1,0,1993
250,3,0,Male,1,0,0,1,1993
250,3,0,Male,2,1,1,0,1993
251,4,3,Male,1,0,0,1,1993
251,4,3,Male,2,1,0,0,1993
251,4,3,Male,3,2,0,1,1993
251,4,3,Male,4,3,0,0,1993
251,4,3,Male,5,4,0,0,1993
251,4,3,Male,6,5,0,0,1993
251,4,3,Male,7,6,0,0,1993
251,4,3,Male,8,7,0,0,1993
251,4,3,Male,9,8,0,0,1993
251,4,3,Male,10,9,0,0,1993
251,4,3,Male,11,10,0,0,1993
251,4,3,Male,12,11,1,0,1993
252,0,0,Female,1,0,0,0,1993
252,0,0,Female,2,1,0,0,1993
252,0,0,Female,3,2,0,0,1993
252,0,0,Female,4,3,0,0,1993
252,0,0,Female,5,4,0,0,1993
252,0,0,Female,6,5,0,0,1993
252,0,0,Female,7,6,0,0,1993
252,0,0,Female,8,7,1,0,1993
253,0,0,Male,1,0,0,0,1993
253,0,0,Male,2,1,0,0,1993
253,0,0,Male,3,2,1,0,1993
254,1,0,Male,1,0,1,1,1993
255,0,2,Male,1,0,0,0,1993
255,0,2,Male,2,1,0,0,1993
255,0,2,Male,3,2,0,0,1993
255,0,2,Male,4,3,0,0,1993
255,0,2,Male,5,4,0,0,1993
255,0,2,Male,6,5,0,0,1993
255,0,2,Male,7,6,1,0,1993
256,5,0,Female,1,0,0,1,1993
256,5,0,Female,2,1,0,0,1993
256,5,0,Female,3,2,0,0,1993
256,5,0,Female,4,3,1,0,1993
257,1,1,Male,1,0,0,1,1993
257,1,1,Male,2,1,0,0,1993
257,1,1,Male,3,2,0,0,1993
257,1,1,Male,4,3,0,0,1993
257,1,1,Male,5,4,0,0,1993
257,1,1,Male,6,5,0,0,1993
257,1,1,Male,7,6,0,0,1993
257,1,1,Male,8,7,0,0,1993
257,1,1,Male,9,8,1,0,1993
258,3,0,Female,1,0,0,1,1993
258,3,0,Female,2,1,0,0,1993
258,3,0,Female,3,2,0,0,1993
258,3,0,Female,4,3,0,0,1993
258,3,0,Female,5,4,0,0,1993
258,3,0,Female,6,5,0,0,1993
258,3,0,Female,7,6,0,0,1993
258,3,0,Female,8,7,1,0,1993
259,3,4,Male,1,0,0,1,1993
259,3,4,Male,2,1,0,0,1993
259,3,4,Male,3,2,0,0,1993
259,3,4,Male,4,3,0,0,1993
259,3,4,Male,5,4,0,0,1993
259,3,4,Male,6,5,0,0,1993
259,3,4,Male,7,6,0,0,1993
259,3,4,Male,8,7,1,0,1993
260,0,0,Male,1,0,0,0,1993
260,0,0,Male,2,1,1,0,1993
261,1,0,Female,1,0,0,1,1993
261,1,0,Female,2,1,0,0,1993
261,1,0,Female,3,2,1,0,1993
262,1,0,Female,1,0,0,1,1993
262,1,0,Female,2,1,0,0,1993
262,1,0,Female,3,2,0,0,1993
262,1,0,Female,4,3,0,0,1993
262,1,0,Female,5,4,0,0,1993
262,1,0,Female,6,5,0,0,1993
262,1,0,Female,7,6,1,0,1993
263,0,0,Female,1,0,0,0,1993
263,0,0,Female,2,1,0,0,1993
263,0,0,Female,3,2,1,0,1993
265,4,0,Female,1,0,0,1,1993
265,4,0,Female,2,1,1,0,1993
266,1,1,Female,1,0,0,1,1993
266,1,1,Female,2,1,0,0,1993
266,1,1,Female,3,2,0,0,1993
266,1,1,Female,4,3,0,1,1993
266,1,1,Female,5,4,0,0,1993
266,1,1,Female,6,5,1,0,1993
267,3,0,Female,1,0,0,1,1993
267,3,0,Female,2,1,1,0,1993
268,5,1,Male,1,0,0,1,1993
268,5,1,Male,2,1,0,0,1993
268,5,1,Male,3,2,0,0,1993
268,5,1,Male,4,3,0,0,1993
268,5,1,Male,5,4,0,0,1993
268,5,1,Male,6,5,1,0,1993
269,5,0,Male,1,0,0,1,1993
269,5,0,Male,2,1,1,0,1993
270,2,2,Female,1,0,0,1,1993
270,2,2,Female,2,1,0,0,1993
270,2,2,Female,3,2,0,0,1993
270,2,2,Female,4,3,0,0,1993
270,2,2,Female,5,4,0,0,1993
270,2,2,Female,6,5,0,0,1993
270,2,2,Female,7,6,0,0,1993
270,2,2,Female,8,7,0,0,1993
270,2,2,Female,9,8,0,0,1993
270,2,2,Female,10,9,0,0,1993
270,2,2,Female,11,10,1,0,1993
271,3,0,Female,1,0,1,1,1993
272,0,1,Male,1,0,0,0,1993
272,0,1,Male,2,1,0,0,1993
272,0,1,Male,3,2,0,0,1993
272,0,1,Male,4,3,0,0,1993
272,0,1,Male,5,4,0,0,1993
272,0,1,Male,6,5,0,0,1993
272,0,1,Male,7,6,0,0,1993
272,0,1,Male,8,7,0,0,1993
272,0,1,Male,9,8,0,0,1993
272,0,1,Male,10,9,0,0,1993
272,0,1,Male,11,10,0,0,1993
272,0,1,Male,12,11,1,0,1993
274,0,1,Male,1,0,0,0,1993
274,0,1,Male,2,1,0,0,1993
274,0,1,Male,3,2,0,0,1993
274,0,1,Male,4,3,0,0,1993
274,0,1,Male,5,4,0,0,1993
274,0,1,Male,6,5,0,0,1993
274,0,1,Male,7,6,0,0,1993
274,0,1,Male,8,7,1,0,1993
275,1,0,Male,1,0,0,1,1993
275,1,0,Male,2,1,0,0,1993
275,1,0,Male,3,2,0,0,1993
275,1,0,Male,4,3,0,0,1993
275,1,0,Male,5,4,0,0,1993
275,1,0,Male,6,5,0,0,1993
275,1,0,Male,7,6,0,0,1993
275,1,0,Male,8,7,1,0,1993
282,2,0,Female,1,0,0,1,1994
282,2,0,Female,2,1,0,0,1994
282,2,0,Female,3,2,0,0,1994
282,2,0,Female,4,3,0,0,1994
282,2,0,Female,5,4,0,0,1994
282,2,0,Female,6,5,1,0,1994
283,3,0,Male,1,0,0,1,1994
283,3,0,Male,2,1,0,0,1994
283,3,0,Male,3,2,0,0,1994
283,3,0,Male,4,3,0,0,1994
283,3,0,Male,5,4,0,0,1994
283,3,0,Male,6,5,1,0,1994
284,3,0,Male,1,0,0,1,1994
284,3,0,Male,2,1,0,0,1994
284,3,0,Male,3,2,1,0,1994
285,0,0,Male,1,0,0,0,1994
285,0,0,Male,2,1,0,0,1994
285,0,0,Male,3,2,0,0,1994
285,0,0,Male,4,3,0,0,1994
285,0,0,Male,5,4,0,0,1994
285,0,0,Male,6,5,0,0,1994
285,0,0,Male,7,6,0,0,1994
285,0,0,Male,8,7,1,0,1994
286,0,1,Male,1,0,0,0,1994
286,0,1,Male,2,1,0,0,1994
286,0,1,Male,3,2,0,0,1994
286,0,1,Male,4,3,0,0,1994
286,0,1,Male,5,4,0,0,1994
286,0,1,Male,6,5,0,0,1994
286,0,1,Male,7,6,0,0,1994
286,0,1,Male,8,7,0,0,1994
286,0,1,Male,9,8,0,0,1994
286,0,1,Male,10,9,0,0,1994
286,0,1,Male,11,10,0,0,1994
286,0,1,Male,12,11,1,0,1994
287,0,0,Male,1,0,0,0,1994
287,0,0,Male,2,1,1,0,1994
288,0,3,Female,1,0,0,0,1994
288,0,3,Female,2,1,0,0,1994
288,0,3,Female,3,2,0,0,1994
288,0,3,Female,4,3,0,0,1994
288,0,3,Female,5,4,0,0,1994
288,0,3,Female,6,5,0,0,1994
288,0,3,Female,7,6,0,0,1994
288,0,3,Female,8,7,0,0,1994
288,0,3,Female,9,8,0,0,1994
288,0,3,Female,10,9,1,0,1994
290,2,0,Male,1,0,0,1,1994
290,2,0,Male,2,1,0,0,1994
290,2,0,Male,3,2,0,0,1994
290,2,0,Male,4,3,1,0,1994
291,2,0,Male,1,0,0,1,1994
291,2,0,Male,2,1,0,0,1994
291,2,0,Male,3,2,0,0,1994
291,2,0,Male,4,3,0,0,1994
291,2,0,Male,5,4,0,0,1994
291,2,0,Male,6,5,1,0,1994
292,0,0,Female,1,0,1,0,1994
296,0,0,Male,1,0,0,0,1994
296,0,0,Male,2,1,0,0,1994
296,0,0,Male,3,2,0,0,1994
296,0,0,Male,4,3,0,0,1994
296,0,0,Male,5,4,0,0,1994
296,0,0,Male,6,5,0,0,1994
296,0,0,Male,7,6,0,0,1994
296,0,0,Male,8,7,1,0,1994
297,1,0,Male,1,0,0,1,1994
297,1,0,Male,2,1,0,0,1994
297,1,0,Male,3,2,0,0,1994
297,1,0,Male,4,3,1,0,1994
313,3,0,Male,1,0,0,1,1995
313,3,0,Male,2,1,0,0,1995
313,3,0,Male,3,2,1,0,1995
314,1,2,Male,1,0,0,1,1995
314,1,2,Male,2,1,0,0,1995
314,1,2,Male,3,2,0,0,1995
314,1,2,Male,4,3,0,0,1995
314,1,2,Male,5,4,0,0,1995
314,1,2,Male,6,5,0,0,1995
314,1,2,Male,7,6,1,0,1995
315,1,0,Male,1,0,0,1,1995
315,1,0,Male,2,1,1,0,1995
316,2,1,Male,1,0,0,1,1995
316,2,1,Male,2,1,1,0,1995
317,0,0,Male,1,0,0,0,1995
317,0,0,Male,2,1,1,0,1995
318,0,2,Male,1,0,0,0,1995
318,0,2,Male,2,1,0,1,1995
318,0,2,Male,3,2,0,1,1995
318,0,2,Male,4,3,1,0,1995
320,2,0,Female,1,0,0,1,1995
320,2,0,Female,2,1,1,0,1995
321,0,0,Male,1,0,0,0,1995
321,0,0,Male,2,1,1,0,1995
323,0,0,Female,1,0,1,0,1995
324,2,0,Female,1,0,0,1,1995
324,2,0,Female,2,1,0,0,1995
324,2,0,Female,3,2,0,0,1995
324,2,0,Female,4,3,0,0,1995
324,2,0,Female,5,4,1,0,1995
339,0,0,Male,1,0,0,0,1996
339,0,0,Male,2,1,0,0,1996
339,0,0,Male,3,2,0,0,1996
339,0,0,Male,4,3,1,0,1996
340,0,0,Male,1,0,1,0,1996
342,7,3,Female,1,0,0,1,1996
342,7,3,Female,2,1,0,0,1996
342,7,3,Female,3,2,0,0,1996
342,7,3,Female,4,3,0,0,1996
342,7,3,Female,5,4,0,1,1996
342,7,3,Female,6,5,0,0,1996
342,7,3,Female,7,6,0,0,1996
342,7,3,Female,8,7,0,0,1996
342,7,3,Female,9,8,0,0,1996
342,7,3,Female,10,9,1,0,1996
343,0,0,Male,1,0,1,0,1996
344,3,2,Female,1,0,0,1,1996
344,3,2,Female,2,1,0,0,1996
344,3,2,Female,3,2,0,0,1996
344,3,2,Female,4,3,0,0,1996
344,3,2,Female,5,4,0,0,1996
344,3,2,Female,6,5,0,0,1996
344,3,2,Female,7,6,0,0,1996
344,3,2,Female,8,7,0,0,1996
344,3,2,Female,9,8,1,0,1996
345,11,0,Female,1,0,0,1,1996
345,11,0,Female,2,1,1,0,1996
346,0,0,Male,1,0,0,0,1996
346,0,0,Male,2,1,1,0,1996
347,2,0,Male,1,0,0,1,1996
347,2,0,Male,2,1,1,0,1996
348,0,0,Female,1,0,0,0,1996
348,0,0,Female,2,1,0,0,1996
348,0,0,Female,3,2,0,0,1996
348,0,0,Female,4,3,1,0,1996
349,2,1,Female,1,0,0,1,1996
349,2,1,Female,2,1,0,0,1996
349,2,1,Female,3,2,0,0,1996
349,2,1,Female,4,3,1,1,1996
350,0,3,Female,1,0,0,0,1996
350,0,3,Female,2,1,0,0,1996
350,0,3,Female,3,2,0,0,1996
350,0,3,Female,4,3,0,0,1996
350,0,3,Female,5,4,0,0,1996
350,0,3,Female,6,5,0,0,1996
350,0,3,Female,7,6,0,0,1996
350,0,3,Female,8,7,0,0,1996
350,0,3,Female,9,8,0,1,1996
350,0,3,Female,10,9,1,0,1996
351,2,0,Female,1,0,0,1,1996
351,2,0,Female,2,1,0,0,1996
351,2,0,Female,3,2,0,0,1996
351,2,0,Female,4,3,0,0,1996
351,2,0,Female,5,4,1,0,1996
352,9,2,Female,1,0,0,1,1996
352,9,2,Female,2,1,0,0,1996
352,9,2,Female,3,2,0,1,1996
352,9,2,Female,4,3,1,0,1996
353,1,0,Male,1,0,1,1,1996
354,0,0,Male,1,0,0,0,1996
354,0,0,Male,2,1,1,0,1996
355,0,1,Female,1,0,0,0,1996
355,0,1,Female,2,1,0,0,1996
355,0,1,Female,3,2,0,0,1996
355,0,1,Female,4,3,0,0,1996
355,0,1,Female,5,4,0,0,1996
355,0,1,Female,6,5,0,0,1996
355,0,1,Female,7,6,1,0,1996
356,0,0,Male,1,0,1,0,1996
357,2,0,Male,1,0,1,1,1996
358,2,1,Female,1,0,0,1,1996
358,2,1,Female,2,1,1,0,1996
359,8,0,Male,1,0,0,1,1996
359,8,0,Male,2,1,1,0,1996
360,4,1,Female,1,0,0,1,1996
360,4,1,Female,2,1,0,0,1996
360,4,1,Female,3,2,0,0,1996
360,4,1,Female,4,3,1,0,1996
362,0,1,Male,1,0,0,0,1996
362,0,1,Male,2,1,0,0,1996
362,0,1,Male,3,2,0,0,1996
362,0,1,Male,4,3,0,0,1996
362,0,1,Male,5,4,1,0,1996
363,8,0,Female,1,0,1,1,1996
365,2,0,Male,1,0,0,1,1996
365,2,0,Male,2,1,0,0,1996
365,2,0,Male,3,2,0,0,1996
365,2,0,Male,4,3,1,0,1996
366,3,1,Female,1,0,0,1,1996
366,3,1,Female,2,1,1,1,1996
368,3,0,Male,1,0,0,1,1996
368,3,0,Male,2,1,0,0,1996
368,3,0,Male,3,2,0,0,1996
368,3,0,Male,4,3,1,0,1996
377,0,0,Male,1,0,0,0,1999
377,0,0,Male,2,1,0,0,1999
377,0,0,Male,3,2,0,0,1999
377,0,0,Male,4,3,0,0,1999
377,0,0,Male,5,4,0,0,1999
377,0,0,Male,6,5,0,0,1999
377,0,0,Male,7,6,0,0,1999
377,0,0,Male,8,7,1,0,1999
378,2,1,Female,1,0,0,1,1999
378,2,1,Female,2,1,0,0,1999
378,2,1,Female,3,2,0,0,1999
378,2,1,Female,4,3,1,0,1999
379,2,0,Female,1,0,1,1,1999
380,1,2,Female,1,0,0,1,1999
380,1,2,Female,2,1,0,0,1999
380,1,2,Female,3,2,0,0,1999
380,1,2,Female,4,3,0,0,1999
380,1,2,Female,5,4,0,0,1999
380,1,2,Female,6,5,0,0,1999
380,1,2,Female,7,6,1,0,1999
382,4,2,Female,1,0,0,1,1999
382,4,2,Female,2,1,1,1,1999
383,0,0,Male,1,0,0,0,1999
383,0,0,Male,2,1,0,0,1999
383,0,0,Male,3,2,0,0,1999
383,0,0,Male,4,3,0,0,1999
383,0,0,Male,5,4,0,0,1999
383,0,0,Male,6,5,0,0,1999
383,0,0,Male,7,6,1,0,1999
384,0,0,Female,1,0,1,0,1999
386,0,1,Male,1,0,0,0,1999
386,0,1,Male,2,1,0,1,1999
386,0,1,Male,3,2,0,0,1999
386,0,1,Male,4,3,0,0,1999
386,0,1,Male,5,4,1,0,1999
387,0,2,Male,1,0,0,0,1999
387,0,2,Male,2,1,0,0,1999
387,0,2,Male,3,2,0,0,1999
387,0,2,Male,4,3,0,0,1999
387,0,2,Male,5,4,1,0,1999
388,0,1,Female,1,0,0,0,1999
388,0,1,Female,2,1,1,0,1999
389,2,0,Female,1,0,1,1,1999
390,0,2,Male,1,0,0,0,1993
390,0,2,Male,2,1,0,0,1993
390,0,2,Male,3,2,0,0,1993
390,0,2,Male,4,3,0,0,1993
390,0,2,Male,5,4,0,0,1993
390,0,2,Male,6,5,0,0,1993
390,0,2,Male,7,6,1,0,1993
391,0,2,Female,1,0,0,0,1999
391,0,2,Female,2,1,0,0,1999
391,0,2,Female,3,2,0,0,1999
391,0,2,Female,4,3,0,0,1999
391,0,2,Female,5,4,0,0,1999
391,0,2,Female,6,5,0,0,1999
391,0,2,Female,7,6,0,0,1999
391,0,2,Female,8,7,0,0,1999
391,0,2,Female,9,8,0,0,1999
391,0,2,Female,10,9,0,0,1999
391,0,2,Female,11,10,1,0,1999
393,0,0,Female,1,0,0,0,1999
393,0,0,Female,2,1,0,0,1999
393,0,0,Female,3,2,0,0,1999
393,0,0,Female,4,3,0,0,1999
393,0,0,Female,5,4,0,0,1999
393,0,0,Female,6,5,0,0,1999
393,0,0,Female,7,6,1,0,1999
400,0,0,Male,1,0,0,0,2000
400,0,0,Male,2,1,0,0,2000
400,0,0,Male,3,2,0,0,2000
400,0,0,Male,4,3,1,0,2000
401,0,0,Male,1,0,1,0,2000
404,0,0,Male,1,0,0,0,2000
404,0,0,Male,2,1,0,0,2000
404,0,0,Male,3,2,1,0,2000
405,1,0,Male,1,0,0,1,2000
405,1,0,Male,2,1,0,0,2000
405,1,0,Male,3,2,0,0,2000
405,1,0,Male,4,3,1,0,2000
406,3,2,Female,1,0,0,1,2000
406,3,2,Female,2,1,0,0,2000
406,3,2,Female,3,2,0,0,2000
406,3,2,Female,4,3,0,0,2000
406,3,2,Female,5,4,0,0,2000
406,3,2,Female,6,5,0,0,2000
406,3,2,Female,7,6,0,0,2000
406,3,2,Female,8,7,0,0,2000
406,3,2,Female,9,8,0,0,2000
406,3,2,Female,10,9,1,0,2000
407,4,0,Male,1,0,1,1,2000
408,0,0,Female,1,0,0,0,2000
408,0,0,Female,2,1,0,0,2000
408,0,0,Female,3,2,0,0,2000
408,0,0,Female,4,3,1,0,2000
409,1,1,Male,1,0,0,1,2000
409,1,1,Male,2,1,1,0,2000
411,0,3,Male,1,0,0,0,2000
411,0,3,Male,2,1,0,0,2000
411,0,3,Male,3,2,0,0,2000
411,0,3,Male,4,3,0,0,2000
411,0,3,Male,5,4,0,0,2000
411,0,3,Male,6,5,0,0,2000
411,0,3,Male,7,6,0,0,2000
411,0,3,Male,8,7,0,0,2000
411,0,3,Male,9,8,0,0,2000
411,0,3,Male,10,9,1,0,2000
412,0,0,Female,1,0,0,0,2000
412,0,0,Female,2,1,0,0,2000
412,0,0,Female,3,2,1,0,2000
413,5,1,Male,1,0,0,1,2000
413,5,1,Male,2,1,0,0,2000
413,5,1,Male,3,2,0,0,2000
413,5,1,Male,4,3,1,0,2000
415,3,0,Female,1,0,0,1,1999
415,3,0,Female,2,1,0,0,1999
415,3,0,Female,3,2,0,0,1999
415,3,0,Female,4,3,1,0,1999
416,0,0,Male,1,0,1,0,2000
424,1,1,Male,1,0,0,1,2001
424,1,1,Male,2,1,0,0,2001
424,1,1,Male,3,2,0,0,2001
424,1,1,Male,4,3,1,0,2001
425,2,0,Female,1,0,0,1,2001
425,2,0,Female,2,1,0,0,2001
425,2,0,Female,3,2,0,0,2001
425,2,0,Female,4,3,0,0,2001
425,2,0,Female,5,4,0,0,2001
425,2,0,Female,6,5,1,0,2001
426,0,2,Male,1,0,0,0,2001
426,0,2,Male,2,1,0,0,2001
426,0,2,Male,3,2,0,0,2001
426,0,2,Male,4,3,0,0,2001
426,0,2,Male,5,4,1,0,2001
427,1,0,Male,1,0,1,1,2001
428,1,0,Male,1,0,1,1,2001
429,4,0,Male,1,0,1,1,2001
431,0,1,Male,1,0,0,0,2001
431,0,1,Male,2,1,0,0,2001
431,0,1,Male,3,2,0,0,2001
431,0,1,Male,4,3,0,0,2001
431,0,1,Male,5,4,0,0,2001
431,0,1,Male,6,5,1,0,2001
432,1,0,Male,1,0,0,1,2001
432,1,0,Male,2,1,0,0,2001
432,1,0,Male,3,2,1,0,2001
433,0,1,Female,1,0,0,0,2001
433,0,1,Female,2,1,0,0,2001
433,0,1,Female,3,2,0,1,2001
433,0,1,Female,4,3,1,0,2001
434,0,0,Male,1,0,0,0,2001
434,0,0,Male,2,1,0,0,2001
434,0,0,Male,3,2,0,0,2001
434,0,0,Male,4,3,0,0,2001
434,0,0,Male,5,4,0,0,2001
434,0,0,Male,6,5,1,0,2001
435,1,0,Male,1,0,1,1,2001
436,3,0,Male,1,0,1,1,2001
452,0,0,Female,1,0,0,0,2004
452,0,0,Female,2,1,0,0,2004
452,0,0,Female,3,2,0,0,2004
452,0,0,Female,4,3,1,0,2004
453,0,3,Male,1,0,0,0,2004
453,0,3,Male,2,1,0,0,2004
453,0,3,Male,3,2,1,0,2004
454,0,0,Female,1,0,0,0,2004
454,0,0,Female,2,1,1,0,2004
455,0,1,Male,1,0,0,0,2004
455,0,1,Male,2,1,0,0,2004
455,0,1,Male,3,2,0,0,2004
455,0,1,Male,4,3,1,0,2004
456,2,2,Female,1,0,0,1,2004
456,2,2,Female,2,1,0,1,2004
456,2,2,Female,3,2,0,0,2004
456,2,2,Female,4,3,0,1,2004
456,2,2,Female,5,4,1,0,2004
457,0,1,Male,1,0,0,0,2004
457,0,1,Male,2,1,0,1,2004
457,0,1,Male,3,2,0,0,2004
457,0,1,Male,4,3,1,0,2004
458,0,0,Male,1,0,0,0,2004
458,0,0,Male,2,1,0,0,2004
458,0,0,Male,3,2,0,0,2004
458,0,0,Male,4,3,1,0,2004
459,0,0,Female,1,0,0,0,2004
459,0,0,Female,2,1,0,0,2004
459,0,0,Female,3,2,1,0,2004
460,0,1,Male,1,0,0,0,2004
460,0,1,Male,2,1,0,0,2004
460,0,1,Male,3,2,0,0,2004
460,0,1,Male,4,3,0,0,2004
460,0,1,Male,5,4,0,0,2004
460,0,1,Male,6,5,0,0,2004
460,0,1,Male,7,6,0,0,2004
460,0,1,Male,8,7,1,0,2004
461,0,0,Male,1,0,1,0,2004
462,0,0,Female,1,0,0,0,2004
462,0,0,Female,2,1,1,0,2004
463,2,1,Male,1,0,0,1,2004
463,2,1,Male,2,1,0,0,2004
463,2,1,Male,3,2,1,0,2004
464,0,0,Male,1,0,0,0,2004
464,0,0,Male,2,1,0,0,2004
464,0,0,Male,3,2,1,0,2004
465,1,0,Female,1,0,0,1,2004
465,1,0,Female,2,1,0,0,2004
465,1,0,Female,3,2,0,0,2004
465,1,0,Female,4,3,0,0,2004
465,1,0,Female,5,4,0,0,2004
465,1,0,Female,6,5,0,0,2004
465,1,0,Female,7,6,1,0,2004
466,2,1,Male,1,0,0,1,2004
466,2,1,Male,2,1,1,0,2004
467,2,0,Male,1,0,1,1,2004
468,0,3,Female,1,0,0,0,2004
468,0,3,Female,2,1,0,0,2004
468,0,3,Female,3,2,0,0,2004
468,0,3,Female,4,3,0,0,2004
468,0,3,Female,5,4,1,0,2004
469,5,1,Female,1,0,0,1,2004
469,5,1,Female,2,1,0,0,2004
469,5,1,Female,3,2,0,0,2004
469,5,1,Female,4,3,1,0,2004
470,1,0,Male,1,0,1,1,2004
471,3,0,Male,1,0,1,1,2004
479,0,2,Male,1,0,0,0,2004
479,0,2,Male,2,1,0,0,2004
479,0,2,Male,3,2,0,0,2004
479,0,2,Male,4,3,0,0,2004
479,0,2,Male,5,4,0,0,2004
479,0,2,Male,6,5,0,0,2004
479,0,2,Male,7,6,0,0,2004
479,0,2,Male,8,7,1,0,2004
483,2,0,Male,1,0,1,1,2004
484,0,1,Male,1,0,0,0,2004
484,0,1,Male,2,1,1,0,2004
485,0,0,Male,1,0,1,0,2004
486,0,2,Male,1,0,0,0,2004
486,0,2,Male,2,1,0,0,2004
486,0,2,Male,3,2,0,0,2004
486,0,2,Male,4,3,0,0,2004
486,0,2,Male,5,4,0,0,2004
486,0,2,Male,6,5,1,0,2004
487,3,0,Male,1,0,0,1,2004
487,3,0,Male,2,1,0,0,2004
487,3,0,Male,3,2,0,0,2004
487,3,0,Male,4,3,0,0,2004
487,3,0,Male,5,4,1,0,2004
488,0,2,Female,1,0,0,0,2004
488,0,2,Female,2,1,0,0,2004
488,0,2,Female,3,2,0,0,2004
488,0,2,Female,4,3,0,0,2004
488,0,2,Female,5,4,0,0,2004
488,0,2,Female,6,5,0,0,2004
488,0,2,Female,7,6,0,0,2004
488,0,2,Female,8,7,1,0,2004
489,0,0,Male,1,0,1,0,2004
490,0,3,Male,1,0,0,0,2004
490,0,3,Male,2,1,0,0,2004
490,0,3,Male,3,2,0,0,2004
490,0,3,Male,4,3,0,0,2004
490,0,3,Male,5,4,0,1,2004
490,0,3,Male,6,5,0,0,2004
490,0,3,Male,7,6,1,0,2004
491,2,2,Male,1,0,0,1,2004
491,2,2,Male,2,1,0,0,2004
491,2,2,Male,3,2,0,0,2004
491,2,2,Male,4,3,0,0,2004
491,2,2,Male,5,4,0,0,2004
491,2,2,Male,6,5,0,0,2004
491,2,2,Male,7,6,0,0,2004
491,2,2,Male,8,7,0,0,2004
491,2,2,Male,9,8,0,0,2004
491,2,2,Male,10,9,0,0,2004
491,2,2,Male,11,10,1,0,2004
492,0,1,Female,1,0,0,0,2004
492,0,1,Female,2,1,0,0,2004
492,0,1,Female,3,2,0,0,2004
492,0,1,Female,4,3,0,0,2004
492,0,1,Female,5,4,0,0,2004
492,0,1,Female,6,5,0,0,2004
492,0,1,Female,7,6,0,0,2004
492,0,1,Female,8,7,0,0,2004
492,0,1,Female,9,8,0,0,2004
492,0,1,Female,10,9,1,0,2004
498,0,0,Male,1,0,0,0,2005
498,0,0,Male,2,1,1,0,2005
499,0,0,Male,1,0,0,0,2005
499,0,0,Male,2,1,1,0,2005
500,13,1,Female,1,0,0,1,2005
500,13,1,Female,2,1,1,1,2005
501,0,1,Female,1,0,0,0,2005
501,0,1,Female,2,1,0,0,2005
501,0,1,Female,3,2,1,0,2005
503,3,0,Female,1,0,0,1,2005
503,3,0,Female,2,1,0,0,2005
503,3,0,Female,3,2,0,0,2005
503,3,0,Female,4,3,0,0,2005
503,3,0,Female,5,4,0,0,2005
503,3,0,Female,6,5,0,0,2005
503,3,0,Female,7,6,0,0,2005
503,3,0,Female,8,7,0,0,2005
503,3,0,Female,9,8,0,0,2005
503,3,0,Female,10,9,1,0,2005
504,1,2,Male,1,0,0,1,2005
504,1,2,Male,2,1,0,0,2005
504,1,2,Male,3,2,1,0,2005
508,4,0,Male,1,0,0,1,2005
508,4,0,Male,2,1,1,0,2005
509,0,0,Male,1,0,1,0,2005
510,0,2,Male,1,0,0,0,2005
510,0,2,Male,2,1,0,0,2005
510,0,2,Male,3,2,0,0,2005
510,0,2,Male,4,3,0,0,2005
510,0,2,Male,5,4,0,0,2005
510,0,2,Male,6,5,1,0,2005
511,2,0,Female,1,0,1,1,2005
512,1,0,Male,1,0,1,1,2005
513,1,1,Male,1,0,0,1,2005
513,1,1,Male,2,1,0,1,2005
513,1,1,Male,3,2,0,0,2005
513,1,1,Male,4,3,1,0,2005
515,0,0,Male,1,0,0,0,2005
515,0,0,Male,2,1,1,0,2005
516,0,4,Female,1,0,0,0,2005
516,0,4,Female,2,1,0,1,2005
516,0,4,Female,3,2,0,0,2005
516,0,4,Female,4,3,0,0,2005
516,0,4,Female,5,4,0,0,2005
516,0,4,Female,6,5,0,0,2005
516,0,4,Female,7,6,0,0,2005
516,0,4,Female,8,7,1,0,2005
517,0,0,Female,1,0,1,0,2005
518,0,4,Male,1,0,0,0,2005
518,0,4,Male,2,1,0,0,2005
518,0,4,Male,3,2,0,0,2005
518,0,4,Male,4,3,0,0,2005
518,0,4,Male,5,4,0,0,2005
518,0,4,Male,6,5,0,0,2005
518,0,4,Male,7,6,0,0,2005
518,0,4,Male,8,7,0,0,2005
518,0,4,Male,9,8,0,0,2005
518,0,4,Male,10,9,0,0,2005
518,0,4,Male,11,10,1,0,2005
523,0,1,Female,1,0,0,0,2005
523,0,1,Female,2,1,0,0,2005
523,0,1,Female,3,2,1,0,2005
524,2,0,Male,1,0,1,1,2005
525,1,0,Male,1,0,1,1,2005
526,0,0,Female,1,0,1,0,2005
531,6,0,Female,1,0,0,1,2006
531,6,0,Female,2,1,0,0,2006
531,6,0,Female,3,2,0,0,2006
531,6,0,Female,4,3,1,0,2006
532,0,0,Female,1,0,0,0,2006
532,0,0,Female,2,1,0,0,2006
532,0,0,Female,3,2,0,0,2006
532,0,0,Female,4,3,1,0,2006
533,1,0,Male,1,0,1,1,2006
535,3,0,Female,1,0,0,1,2006
535,3,0,Female,2,1,0,0,2006
535,3,0,Female,3,2,0,0,2006
535,3,0,Female,4,3,0,0,2006
535,3,0,Female,5,4,1,0,2006
537,0,0,Male,1,0,1,0,2006
538,0,0,Female,1,0,0,0,2006
538,0,0,Female,2,1,0,0,2006
538,0,0,Female,3,2,1,0,2006
539,0,0,Male,1,0,0,0,2006
539,0,0,Male,2,1,0,0,2006
539,0,0,Male,3,2,0,0,2006
539,0,0,Male,4,3,1,0,2006
541,3,0,Male,1,0,1,1,2006
542,0,0,Male,1,0,1,0,2006
543,2,0,Female,1,0,0,1,2006
543,2,0,Female,2,1,0,0,2006
543,2,0,Female,3,2,0,0,2006
543,2,0,Female,4,3,0,0,2006
543,2,0,Female,5,4,1,0,2006
544,1,1,Male,1,0,0,1,2006
544,1,1,Male,2,1,0,0,2006
544,1,1,Male,3,2,0,0,2006
544,1,1,Male,4,3,0,1,2006
544,1,1,Male,5,4,0,0,2006
544,1,1,Male,6,5,0,0,2006
544,1,1,Male,7,6,0,0,2006
544,1,1,Male,8,7,1,0,2006
545,2,0,Female,1,0,0,1,2006
545,2,0,Female,2,1,1,0,2006
546,0,2,Male,1,0,0,0,2006
546,0,2,Male,2,1,0,0,2006
546,0,2,Male,3,2,0,0,2006
546,0,2,Male,4,3,1,0,2006
547,0,0,Female,1,0,0,0,2006
547,0,0,Female,2,1,1,0,2006
548,3,0,Female,1,0,1,1,2006
549,0,0,Female,1,0,1,0,2006
552,0,0,Female,1,0,0,0,2006
552,0,0,Female,2,1,1,0,2006
553,1,4,Male,1,0,0,1,2006
553,1,4,Male,2,1,0,0,2006
553,1,4,Male,3,2,0,0,2006
553,1,4,Male,4,3,0,0,2006
553,1,4,Male,5,4,0,0,2006
553,1,4,Male,6,5,1,0,2006
554,0,0,Female,1,0,0,0,2006
554,0,0,Female,2,1,0,0,2006
554,0,0,Female,3,2,0,0,2006
554,0,0,Female,4,3,1,0,2006
555,0,2,Male,1,0,0,0,2006
555,0,2,Male,2,1,0,0,2006
555,0,2,Male,3,2,0,0,2006
555,0,2,Male,4,3,0,0,2006
555,0,2,Male,5,4,0,0,2006
555,0,2,Male,6,5,0,0,2006
555,0,2,Male,7,6,0,0,2006
555,0,2,Male,8,7,0,0,2006
555,0,2,Male,9,8,1,0,2006
556,1,0,Male,1,0,1,1,2006
558,0,3,Female,1,0,0,0,1999
558,0,3,Female,2,1,0,0,1999
558,0,3,Female,3,2,0,0,1999
558,0,3,Female,4,3,0,0,1999
558,0,3,Female,5,4,0,0,1999
558,0,3,Female,6,5,1,0,1999
563,0,0,Female,1,0,0,0,2005
563,0,0,Female,2,1,1,0,2005
614,0,3,Male,1,0,0,0,1999
614,0,3,Male,2,1,0,0,1999
614,0,3,Male,3,2,0,0,1999
614,0,3,Male,4,3,0,0,1999
614,0,3,Male,5,4,0,0,1999
614,0,3,Male,6,5,0,0,1999
614,0,3,Male,7,6,0,0,1999
614,0,3,Male,8,7,0,0,1999
614,0,3,Male,9,8,0,0,1999
614,0,3,Male,10,9,0,0,1999
614,0,3,Male,11,10,0,0,1999
614,0,3,Male,12,11,1,0,1999
619,0,0,Male,1,0,1,0,2009
620,0,2,Male,1,0,0,0,2009
620,0,2,Male,2,1,0,0,2009
620,0,2,Male,3,2,0,0,2009
620,0,2,Male,4,3,0,0,2009
620,0,2,Male,5,4,0,0,2009
620,0,2,Male,6,5,1,0,2009
621,3,1,Female,1,0,0,1,2009
621,3,1,Female,2,1,1,0,2009
622,1,3,Male,1,0,0,1,2009
622,1,3,Male,2,1,0,0,2009
622,1,3,Male,3,2,0,0,2009
622,1,3,Male,4,3,0,0,2009
622,1,3,Male,5,4,0,0,2009
622,1,3,Male,6,5,1,0,2009
623,4,4,Male,1,0,0,1,2009
623,4,4,Male,2,1,0,0,2009
623,4,4,Male,3,2,0,0,2009
623,4,4,Male,4,3,0,0,2009
623,4,4,Male,5,4,0,0,2009
623,4,4,Male,6,5,0,0,2009
623,4,4,Male,7,6,0,0,2009
623,4,4,Male,8,7,0,0,2009
623,4,4,Male,9,8,1,0,2009
645,1,2,Male,1,0,0,1,2005
645,1,2,Male,2,1,0,0,2005
645,1,2,Male,3,2,0,0,2005
645,1,2,Male,4,3,0,0,2005
645,1,2,Male,5,4,0,0,2005
645,1,2,Male,6,5,0,0,2005
645,1,2,Male,7,6,0,0,2005
645,1,2,Male,8,7,0,0,2005
645,1,2,Male,9,8,0,0,2005
645,1,2,Male,10,9,0,0,2005
645,1,2,Male,11,10,1,0,2005
711,7,1,Female,1,0,0,1,2009
711,7,1,Female,2,1,0,0,2009
711,7,1,Female,3,2,1,0,2009
720,2,3,Male,1,0,0,1,2005
720,2,3,Male,2,1,0,0,2005
720,2,3,Male,3,2,0,0,2005
720,2,3,Male,4,3,0,0,2005
720,2,3,Male,5,4,0,1,2005
720,2,3,Male,6,5,1,1,2005
721,0,3,Male,1,0,0,0,2002
721,0,3,Male,2,1,0,0,2002
721,0,3,Male,3,2,0,0,2002
721,0,3,Male,4,3,0,0,2002
721,0,3,Male,5,4,0,0,2002
721,0,3,Male,6,5,0,0,2002
721,0,3,Male,7,6,0,0,2002
721,0,3,Male,8,7,0,0,2002
721,0,3,Male,9,8,0,0,2002
721,0,3,Male,10,9,0,0,2002
721,0,3,Male,11,10,1,0,2002
776,0,1,Male,1,0,0,0,1999
776,0,1,Male,2,1,0,0,1999
776,0,1,Male,3,2,0,0,1999
776,0,1,Male,4,3,0,1,1999
776,0,1,Male,5,4,0,0,1999
776,0,1,Male,6,5,0,0,1999
776,0,1,Male,7,6,0,0,1999
776,0,1,Male,8,7,0,0,1999
776,0,1,Male,9,8,0,0,1999
776,0,1,Male,10,9,0,0,1999
776,0,1,Male,11,10,1,0,1999
810,3,4,Female,1,0,0,1,2002
810,3,4,Female,2,1,0,0,2002
810,3,4,Female,3,2,0,0,2002
810,3,4,Female,4,3,0,0,2002
810,3,4,Female,5,4,0,0,2002
810,3,4,Female,6,5,0,0,2002
810,3,4,Female,7,6,0,0,2002
810,3,4,Female,8,7,0,0,2002
810,3,4,Female,9,8,0,0,2002
810,3,4,Female,10,9,1,0,2002
814,0,6,Male,1,0,0,0,2004
814,0,6,Male,2,1,0,0,2004
814,0,6,Male,3,2,0,0,2004
814,0,6,Male,4,3,0,0,2004
814,0,6,Male,5,4,0,0,2004
814,0,6,Male,6,5,0,0,2004
814,0,6,Male,7,6,0,0,2004
814,0,6,Male,8,7,0,0,2004
814,0,6,Male,9,8,0,0,2004
814,0,6,Male,10,9,0,0,2004
814,0,6,Male,11,10,0,0,2004
814,0,6,Male,12,11,1,0,2004
827,0,4,Male,1,0,0,0,2006
827,0,4,Male,2,1,0,0,2006
827,0,4,Male,3,2,0,1,2006
827,0,4,Male,4,3,0,1,2006
827,0,4,Male,5,4,0,0,2006
827,0,4,Male,6,5,0,0,2006
827,0,4,Male,7,6,0,0,2006
827,0,4,Male,8,7,0,0,2006
827,0,4,Male,9,8,0,0,2006
827,0,4,Male,10,9,0,0,2006
827,0,4,Male,11,10,0,0,2006
827,0,4,Male,12,11,1,0,2006
828,1,4,Male,1,0,0,1,2004
828,1,4,Male,2,1,0,0,2004
828,1,4,Male,3,2,0,0,2004
828,1,4,Male,4,3,0,0,2004
828,1,4,Male,5,4,0,0,2004
828,1,4,Male,6,5,0,0,2004
828,1,4,Male,7,6,0,0,2004
828,1,4,Male,8,7,0,0,2004
828,1,4,Male,9,8,0,0,2004
828,1,4,Male,10,9,0,0,2004
828,1,4,Male,11,10,1,0,2004
829,0,0,Male,1,0,0,0,2005
829,0,0,Male,2,1,0,0,2005
829,0,0,Male,3,2,0,0,2005
829,0,0,Male,4,3,0,0,2005
829,0,0,Male,5,4,0,0,2005
829,0,0,Male,6,5,0,0,2005
829,0,0,Male,7,6,1,0,2005
882,1,1,Male,1,0,0,1,2002
882,1,1,Male,2,1,0,0,2002
882,1,1,Male,3,2,0,0,2002
882,1,1,Male,4,3,0,0,2002
882,1,1,Male,5,4,0,0,2002
882,1,1,Male,6,5,0,0,2002
882,1,1,Male,7,6,0,0,2002
882,1,1,Male,8,7,0,0,2002
882,1,1,Male,9,8,0,0,2002
882,1,1,Male,10,9,1,0,2002
889,0,1,Male,1,0,0,0,2005
889,0,1,Male,2,1,0,0,2005
889,0,1,Male,3,2,0,0,2005
889,0,1,Male,4,3,0,0,2005
889,0,1,Male,5,4,1,0,2005